I,J,X,Y,zMin,zMax,vip1,vip2,vip3
0,0,500.000000,500.000000,99.000000,104.000000,0.500000,4.499999,4.499999
0,1,500.000000,1500.000000,99.000000,104.000000,0.500000,4.499999,4.499999
0,2,500.000000,2500.000000,99.000000,104.000000,0.500000,4.499999,4.499999
0,3,500.000000,3500.000000,99.000000,104.000000,0.500000,4.499999,4.499999
0,4,500.000000,4500.000000,99.000000,104.000000,0.500000,4.499999,4.499999
0,5,500.000000,5500.000000,99.000000,104.000000,0.500000,4.499999,4.499999
0,6,500.000000,6500.000000,99.000000,104.000000,0.500000,4.499999,4.499999
0,7,500.000000,7500.000000,99.000000,104.000000,0.500000,4.499999,4.499999
0,8,500.000000,8500.000000,99.000000,104.000000,0.500000,4.499999,4.499999
0,9,500.000000,9500.000000,99.000000,104.000000,0.500000,4.499999,4.499999
1,0,1500.000000,500.000000,98.000000,103.000000,0.500000,4.499999,4.499999
1,1,1500.000000,1500.000000,98.000000,103.000000,0.500000,4.499999,4.499999
1,2,1500.000000,2500.000000,98.000000,103.000000,0.500000,4.499999,4.499999
1,3,1500.000000,3500.000000,98.000000,103.000000,0.500000,4.499999,4.499999
1,4,1500.000000,4500.000000,98.000000,103.000000,0.500000,4.499999,4.499999
1,5,1500.000000,5500.000000,98.000000,103.000000,0.500000,4.499999,4.499999
1,6,1500.000000,6500.000000,98.000000,103.000000,0.500000,4.499999,4.499999
1,7,1500.000000,7500.000000,98.000000,103.000000,0.500000,4.499999,4.499999
1,8,1500.000000,8500.000000,98.000000,103.000000,0.500000,4.499999,4.499999
1,9,1500.000000,9500.000000,98.000000,103.000000,0.500000,4.499999,4.499999
2,0,2500.000000,500.000000,97.000000,102.000000,0.500000,4.499999,4.499999
2,1,2500.000000,1500.000000,97.000000,102.000000,0.500000,4.499999,4.499999
2,2,2500.000000,2500.000000,97.000000,102.000000,0.500000,4.499999,4.499999
2,3,2500.000000,3500.000000,97.000000,102.000000,0.500000,4.499999,4.499999
2,4,2500.000000,4500.000000,97.000000,102.000000,0.500000,4.499999,4.499999
2,5,2500.000000,5500.000000,97.000000,102.000000,0.500000,4.499999,4.499999
2,6,2500.000000,6500.000000,97.000000,102.000000,0.500000,4.499999,4.499999
2,7,2500.000000,7500.000000,97.000000,102.000000,0.500000,4.499999,4.499999
2,8,2500.000000,8500.000000,97.000000,102.000000,0.500000,4.499999,4.499999
2,9,2500.000000,9500.000000,97.000000,102.000000,0.500000,4.499999,4.499999
3,0,3500.000000,500.000000,96.000000,101.000000,0.500000,4.499999,4.499999
3,1,3500.000000,1500.000000,96.000000,101.000000,0.500000,4.499999,4.499999
3,2,3500.000000,2500.000000,96.000000,101.000000,0.500000,4.499999,4.499999
3,3,3500.000000,3500.000000,96.000000,101.000000,0.500000,4.499999,4.499999
3,4,3500.000000,4500.000000,96.000000,101.000000,0.500000,4.499999,4.499999
3,5,3500.000000,5500.000000,96.000000,101.000000,0.500000,4.499999,4.499999
3,6,3500.000000,6500.000000,96.000000,101.000000,0.500000,4.499999,4.499999
3,7,3500.000000,7500.000000,96.000000,101.000000,0.500000,4.499999,4.499999
3,8,3500.000000,8500.000000,96.000000,101.000000,0.500000,4.499999,4.499999
3,9,3500.000000,9500.000000,96.000000,101.000000,0.500000,4.499999,4.499999
4,0,4500.000000,500.000000,95.000000,100.000000,0.500000,4.499999,4.499999
4,1,4500.000000,1500.000000,95.000000,100.000000,0.500000,4.499999,4.499999
4,2,4500.000000,2500.000000,95.000000,100.000000,0.500000,4.499999,4.499999
4,3,4500.000000,3500.000000,95.000000,100.000000,0.500000,4.499999,4.499999
4,4,4500.000000,4500.000000,95.000000,100.000000,0.500000,4.499999,4.499999
4,5,4500.000000,5500.000000,95.000000,100.000000,0.500000,4.499999,4.499999
4,6,4500.000000,6500.000000,95.000000,100.000000,0.500000,4.499999,4.499999
4,7,4500.000000,7500.000000,95.000000,100.000000,0.500000,4.499999,4.499999
4,8,4500.000000,8500.000000,95.000000,100.000000,0.500000,4.499999,4.499999
4,9,4500.000000,9500.000000,95.000000,100.000000,0.500000,4.499999,4.499999
5,0,5500.000000,500.000000,94.000000,99.000000,0.500000,4.499999,4.499999
5,1,5500.000000,1500.000000,94.000000,99.000000,0.500000,4.499999,4.499999
5,2,5500.000000,2500.000000,94.000000,99.000000,0.500000,4.499999,4.499999
5,3,5500.000000,3500.000000,94.000000,99.000000,0.500000,4.499999,4.499999
5,4,5500.000000,4500.000000,94.000000,99.000000,0.500000,4.499999,4.499999
5,5,5500.000000,5500.000000,94.000000,99.000000,0.500000,4.499999,4.499999
5,6,5500.000000,6500.000000,94.000000,99.000000,0.500000,4.499999,4.499999
5,7,5500.000000,7500.000000,94.000000,99.000000,0.500000,4.499999,4.499999
5,8,5500.000000,8500.000000,94.000000,99.000000,0.500000,4.499999,4.499999
5,9,5500.000000,9500.000000,94.000000,99.000000,0.500000,4.499999,4.499999
6,0,6500.000000,500.000000,93.000000,98.000000,0.500000,4.499999,4.499999
6,1,6500.000000,1500.000000,93.000000,98.000000,0.500000,4.499999,4.499999
6,2,6500.000000,2500.000000,93.000000,98.000000,0.500000,4.499999,4.499999
6,3,6500.000000,3500.000000,93.000000,98.000000,0.500000,4.499999,4.499999
6,4,6500.000000,4500.000000,93.000000,98.000000,0.500000,4.499999,4.499999
6,5,6500.000000,5500.000000,93.000000,98.000000,0.500000,4.499999,4.499999
6,6,6500.000000,6500.000000,93.000000,98.000000,0.500000,4.499999,4.499999
6,7,6500.000000,7500.000000,93.000000,98.000000,0.500000,4.499999,4.499999
6,8,6500.000000,8500.000000,93.000000,98.000000,0.500000,4.499999,4.499999
6,9,6500.000000,9500.000000,93.000000,98.000000,0.500000,4.499999,4.499999
7,0,7500.000000,500.000000,92.000000,97.000000,0.500000,4.499999,4.499999
7,1,7500.000000,1500.000000,92.000000,97.000000,0.500000,4.499999,4.499999
7,2,7500.000000,2500.000000,92.000000,97.000000,0.500000,4.499999,4.499999
7,3,7500.000000,3500.000000,92.000000,97.000000,0.500000,4.499999,4.499999
7,4,7500.000000,4500.000000,92.000000,97.000000,0.500000,4.499999,4.499999
7,5,7500.000000,5500.000000,92.000000,97.000000,0.500000,4.499999,4.499999
7,6,7500.000000,6500.000000,92.000000,97.000000,0.500000,4.499999,4.499999
7,7,7500.000000,7500.000000,92.000000,97.000000,0.500000,4.499999,4.499999
7,8,7500.000000,8500.000000,92.000000,97.000000,0.500000,4.499999,4.499999
7,9,7500.000000,9500.000000,92.000000,97.000000,0.500000,4.499999,4.499999
8,0,8500.000000,500.000000,91.000000,96.000000,0.500000,4.499999,4.499999
8,1,8500.000000,1500.000000,91.000000,96.000000,0.500000,4.499999,4.499999
8,2,8500.000000,2500.000000,91.000000,96.000000,0.500000,4.499999,4.499999
8,3,8500.000000,3500.000000,91.000000,96.000000,0.500000,4.499999,4.499999
8,4,8500.000000,4500.000000,91.000000,96.000000,0.500000,4.499999,4.499999
8,5,8500.000000,5500.000000,91.000000,96.000000,0.500000,4.499999,4.499999
8,6,8500.000000,6500.000000,91.000000,96.000000,0.500000,4.499999,4.499999
8,7,8500.000000,7500.000000,91.000000,96.000000,0.500000,4.499999,4.499999
8,8,8500.000000,8500.000000,91.000000,96.000000,0.500000,4.499999,4.499999
8,9,8500.000000,9500.000000,91.000000,96.000000,0.500000,4.499999,4.499999
9,0,9500.000000,500.000000,90.000000,95.000000,0.500000,4.499999,4.499999
9,1,9500.000000,1500.000000,90.000000,95.000000,0.500000,4.499999,4.499999
9,2,9500.000000,2500.000000,90.000000,95.000000,0.500000,4.499999,4.499999
9,3,9500.000000,3500.000000,90.000000,95.000000,0.500000,4.499999,4.499999
9,4,9500.000000,4500.000000,90.000000,95.000000,0.500000,4.499999,4.499999
9,5,9500.000000,5500.000000,90.000000,95.000000,0.500000,4.499999,4.499999
9,6,9500.000000,6500.000000,90.000000,95.000000,0.500000,4.499999,4.499999
9,7,9500.000000,7500.000000,90.000000,95.000000,0.500000,4.499999,4.499999
9,8,9500.000000,8500.000000,90.000000,95.000000,0.500000,4.499999,4.499999
9,9,9500.000000,9500.000000,90.000000,95.000000,0.500000,4.499999,4.499999
10,0,10500.000000,500.000000,89.000000,94.000000,0.500000,4.499999,4.499999
10,1,10500.000000,1500.000000,89.000000,94.000000,0.500000,4.499999,4.499999
10,2,10500.000000,2500.000000,89.000000,94.000000,0.500000,4.499999,4.499999
10,3,10500.000000,3500.000000,89.000000,94.000000,0.500000,4.499999,4.499999
10,4,10500.000000,4500.000000,89.000000,94.000000,0.500000,4.499999,4.499999
10,5,10500.000000,5500.000000,89.000000,94.000000,0.500000,4.499999,4.499999
10,6,10500.000000,6500.000000,89.000000,94.000000,0.500000,4.499999,4.499999
10,7,10500.000000,7500.000000,89.000000,94.000000,0.500000,4.499999,4.499999
10,8,10500.000000,8500.000000,89.000000,94.000000,0.500000,4.499999,4.499999
10,9,10500.000000,9500.000000,89.000000,94.000000,0.500000,4.499999,4.499999
11,0,11500.000000,500.000000,88.000000,93.000000,0.500000,4.499999,4.499999
11,1,11500.000000,1500.000000,88.000000,93.000000,0.500000,4.499999,4.499999
11,2,11500.000000,2500.000000,88.000000,93.000000,0.500000,4.499999,4.499999
11,3,11500.000000,3500.000000,88.000000,93.000000,0.500000,4.499999,4.499999
11,4,11500.000000,4500.000000,88.000000,93.000000,0.500000,4.499999,4.499999
11,5,11500.000000,5500.000000,88.000000,93.000000,0.500000,4.499999,4.499999
11,6,11500.000000,6500.000000,88.000000,93.000000,0.500000,4.499999,4.499999
11,7,11500.000000,7500.000000,88.000000,93.000000,0.500000,4.499999,4.499999
11,8,11500.000000,8500.000000,88.000000,93.000000,0.500000,4.499999,4.499999
11,9,11500.000000,9500.000000,88.000000,93.000000,0.500000,4.499999,4.499999
12,0,12500.000000,500.000000,87.000000,92.000000,0.500000,4.499999,4.499999
12,1,12500.000000,1500.000000,87.000000,92.000000,0.500000,4.499999,4.499999
12,2,12500.000000,2500.000000,87.000000,92.000000,0.500000,4.499999,4.499999
12,3,12500.000000,3500.000000,87.000000,92.000000,0.500000,4.499999,4.499999
12,4,12500.000000,4500.000000,87.000000,92.000000,0.500000,4.499999,4.499999
12,5,12500.000000,5500.000000,87.000000,92.000000,0.500000,4.499999,4.499999
12,6,12500.000000,6500.000000,87.000000,92.000000,0.500000,4.499999,4.499999
12,7,12500.000000,7500.000000,87.000000,92.000000,0.500000,4.499999,4.499999
12,8,12500.000000,8500.000000,87.000000,92.000000,0.500000,4.499999,4.499999
12,9,12500.000000,9500.000000,87.000000,92.000000,0.500000,4.499999,4.499999
13,0,13500.000000,500.000000,86.000000,91.000000,0.500000,4.499999,4.499999
13,1,13500.000000,1500.000000,86.000000,91.000000,0.500000,4.499999,4.499999
13,2,13500.000000,2500.000000,86.000000,91.000000,0.500000,4.499999,4.499999
13,3,13500.000000,3500.000000,86.000000,91.000000,0.500000,4.499999,4.499999
13,4,13500.000000,4500.000000,86.000000,91.000000,0.500000,4.499999,4.499999
13,5,13500.000000,5500.000000,86.000000,91.000000,0.500000,4.499999,4.499999
13,6,13500.000000,6500.000000,86.000000,91.000000,0.500000,4.499999,4.499999
13,7,13500.000000,7500.000000,86.000000,91.000000,0.500000,4.499999,4.499999
13,8,13500.000000,8500.000000,86.000000,91.000000,0.500000,4.499999,4.499999
13,9,13500.000000,9500.000000,86.000000,91.000000,0.500000,4.499999,4.499999
14,0,14500.000000,500.000000,85.000000,90.000000,0.500000,4.499999,4.499999
14,1,14500.000000,1500.000000,85.000000,90.000000,0.500000,4.499999,4.499999
14,2,14500.000000,2500.000000,85.000000,90.000000,0.500000,4.499999,4.499999
14,3,14500.000000,3500.000000,85.000000,90.000000,0.500000,4.499999,4.499999
14,4,14500.000000,4500.000000,85.000000,90.000000,0.500000,4.499999,4.499999
14,5,14500.000000,5500.000000,85.000000,90.000000,0.500000,4.499999,4.499999
14,6,14500.000000,6500.000000,85.000000,90.000000,0.500000,4.499999,4.499999
14,7,14500.000000,7500.000000,85.000000,90.000000,0.500000,4.499999,4.499999
14,8,14500.000000,8500.000000,85.000000,90.000000,0.500000,4.499999,4.499999
14,9,14500.000000,9500.000000,85.000000,90.000000,0.500000,4.499999,4.499999
15,0,15500.000000,500.000000,84.000000,89.000000,0.500000,4.499999,4.499999
15,1,15500.000000,1500.000000,84.000000,89.000000,0.500000,4.499999,4.499999
15,2,15500.000000,2500.000000,84.000000,89.000000,0.500000,4.499999,4.499999
15,3,15500.000000,3500.000000,84.000000,89.000000,0.500000,4.499999,4.499999
15,4,15500.000000,4500.000000,84.000000,89.000000,0.500000,4.499999,4.499999
15,5,15500.000000,5500.000000,84.000000,89.000000,0.500000,4.499999,4.499999
15,6,15500.000000,6500.000000,84.000000,89.000000,0.500000,4.499999,4.499999
15,7,15500.000000,7500.000000,84.000000,89.000000,0.500000,4.499999,4.499999
15,8,15500.000000,8500.000000,84.000000,89.000000,0.500000,4.499999,4.499999
15,9,15500.000000,9500.000000,84.000000,89.000000,0.500000,4.499999,4.499999
16,0,16500.000000,500.000000,83.000000,88.000000,0.500000,4.499999,4.499999
16,1,16500.000000,1500.000000,83.000000,88.000000,0.500000,4.499999,4.499999
16,2,16500.000000,2500.000000,83.000000,88.000000,0.500000,4.499999,4.499999
16,3,16500.000000,3500.000000,83.000000,88.000000,0.500000,4.499999,4.499999
16,4,16500.000000,4500.000000,83.000000,88.000000,0.500000,4.499999,4.499999
16,5,16500.000000,5500.000000,83.000000,88.000000,0.500000,4.499999,4.499999
16,6,16500.000000,6500.000000,83.000000,88.000000,0.500000,4.499999,4.499999
16,7,16500.000000,7500.000000,83.000000,88.000000,0.500000,4.499999,4.499999
16,8,16500.000000,8500.000000,83.000000,88.000000,0.500000,4.499999,4.499999
16,9,16500.000000,9500.000000,83.000000,88.000000,0.500000,4.499999,4.499999
17,0,17500.000000,500.000000,82.000000,87.000000,0.500000,4.499999,4.499999
17,1,17500.000000,1500.000000,82.000000,87.000000,0.500000,4.499999,4.499999
17,2,17500.000000,2500.000000,82.000000,87.000000,0.500000,4.499999,4.499999
17,3,17500.000000,3500.000000,82.000000,87.000000,0.500000,4.499999,4.499999
17,4,17500.000000,4500.000000,82.000000,87.000000,0.500000,4.499999,4.499999
17,5,17500.000000,5500.000000,82.000000,87.000000,0.500000,4.499999,4.499999
17,6,17500.000000,6500.000000,82.000000,87.000000,0.500000,4.499999,4.499999
17,7,17500.000000,7500.000000,82.000000,87.000000,0.500000,4.499999,4.499999
17,8,17500.000000,8500.000000,82.000000,87.000000,0.500000,4.499999,4.499999
17,9,17500.000000,9500.000000,82.000000,87.000000,0.500000,4.499999,4.499999
18,0,18500.000000,500.000000,81.000000,86.000000,0.500000,4.499999,4.499999
18,1,18500.000000,1500.000000,81.000000,86.000000,0.500000,4.499999,4.499999
18,2,18500.000000,2500.000000,81.000000,86.000000,0.500000,4.499999,4.499999
18,3,18500.000000,3500.000000,81.000000,86.000000,0.500000,4.499999,4.499999
18,4,18500.000000,4500.000000,81.000000,86.000000,0.500000,4.499999,4.499999
18,5,18500.000000,5500.000000,81.000000,86.000000,0.500000,4.499999,4.499999
18,6,18500.000000,6500.000000,81.000000,86.000000,0.500000,4.499999,4.499999
18,7,18500.000000,7500.000000,81.000000,86.000000,0.500000,4.499999,4.499999
18,8,18500.000000,8500.000000,81.000000,86.000000,0.500000,4.499999,4.499999
18,9,18500.000000,9500.000000,81.000000,86.000000,0.500000,4.499999,4.499999
19,0,19500.000000,500.000000,80.000000,85.000000,0.500000,4.499999,4.499999
19,1,19500.000000,1500.000000,80.000000,85.000000,0.500000,4.499999,4.499999
19,2,19500.000000,2500.000000,80.000000,85.000000,0.500000,4.499999,4.499999
19,3,19500.000000,3500.000000,80.000000,85.000000,0.500000,4.499999,4.499999
19,4,19500.000000,4500.000000,80.000000,85.000000,0.500000,4.499999,4.499999
19,5,19500.000000,5500.000000,80.000000,85.000000,0.500000,4.499999,4.499999
19,6,19500.000000,6500.000000,80.000000,85.000000,0.500000,4.499999,4.499999
19,7,19500.000000,7500.000000,80.000000,85.000000,0.500000,4.499999,4.499999
19,8,19500.000000,8500.000000,80.000000,85.000000,0.500000,4.499999,4.499999
19,9,19500.000000,9500.000000,80.000000,85.000000,0.500000,4.499999,4.499999
20,0,20500.000000,500.000000,79.000000,84.000000,0.500000,4.499999,4.499999
20,1,20500.000000,1500.000000,79.000000,84.000000,0.500000,4.499999,4.499999
20,2,20500.000000,2500.000000,79.000000,84.000000,0.500000,4.499999,4.499999
20,3,20500.000000,3500.000000,79.000000,84.000000,0.500000,4.499999,4.499999
20,4,20500.000000,4500.000000,79.000000,84.000000,0.500000,4.499999,4.499999
20,5,20500.000000,5500.000000,79.000000,84.000000,0.500000,4.499999,4.499999
20,6,20500.000000,6500.000000,79.000000,84.000000,0.500000,4.499999,4.499999
20,7,20500.000000,7500.000000,79.000000,84.000000,0.500000,4.499999,4.499999
20,8,20500.000000,8500.000000,79.000000,84.000000,0.500000,4.499999,4.499999
20,9,20500.000000,9500.000000,79.000000,84.000000,0.500000,4.499999,4.499999
21,0,21500.000000,500.000000,78.000000,83.000000,0.500000,4.499999,4.499999
21,1,21500.000000,1500.000000,78.000000,83.000000,0.500000,4.499999,4.499999
21,2,21500.000000,2500.000000,78.000000,83.000000,0.500000,4.499999,4.499999
21,3,21500.000000,3500.000000,78.000000,83.000000,0.500000,4.499999,4.499999
21,4,21500.000000,4500.000000,78.000000,83.000000,0.500000,4.499999,4.499999
21,5,21500.000000,5500.000000,78.000000,83.000000,0.500000,4.499999,4.499999
21,6,21500.000000,6500.000000,78.000000,83.000000,0.500000,4.499999,4.499999
21,7,21500.000000,7500.000000,78.000000,83.000000,0.500000,4.499999,4.499999
21,8,21500.000000,8500.000000,78.000000,83.000000,0.500000,4.499999,4.499999
21,9,21500.000000,9500.000000,78.000000,83.000000,0.500000,4.499999,4.499999
22,0,22500.000000,500.000000,77.000000,82.000000,0.500000,4.499999,4.499999
22,1,22500.000000,1500.000000,77.000000,82.000000,0.500000,4.499999,4.499999
22,2,22500.000000,2500.000000,77.000000,82.000000,0.500000,4.499999,4.499999
22,3,22500.000000,3500.000000,77.000000,82.000000,0.500000,4.499999,4.499999
22,4,22500.000000,4500.000000,77.000000,82.000000,0.500000,4.499999,4.499999
22,5,22500.000000,5500.000000,77.000000,82.000000,0.500000,4.499999,4.499999
22,6,22500.000000,6500.000000,77.000000,82.000000,0.500000,4.499999,4.499999
22,7,22500.000000,7500.000000,77.000000,82.000000,0.500000,4.499999,4.499999
22,8,22500.000000,8500.000000,77.000000,82.000000,0.500000,4.499999,4.499999
22,9,22500.000000,9500.000000,77.000000,82.000000,0.500000,4.499999,4.499999
23,0,23500.000000,500.000000,76.000000,81.000000,0.500000,4.499999,4.499999
23,1,23500.000000,1500.000000,76.000000,81.000000,0.500000,4.499999,4.499999
23,2,23500.000000,2500.000000,76.000000,81.000000,0.500000,4.499999,4.499999
23,3,23500.000000,3500.000000,76.000000,81.000000,0.500000,4.499999,4.499999
23,4,23500.000000,4500.000000,76.000000,81.000000,0.500000,4.499999,4.499999
23,5,23500.000000,5500.000000,76.000000,81.000000,0.500000,4.499999,4.499999
23,6,23500.000000,6500.000000,76.000000,81.000000,0.500000,4.499999,4.499999
23,7,23500.000000,7500.000000,76.000000,81.000000,0.500000,4.499999,4.499999
23,8,23500.000000,8500.000000,76.000000,81.000000,0.500000,4.499999,4.499999
23,9,23500.000000,9500.000000,76.000000,81.000000,0.500000,4.499999,4.499999
24,0,24500.000000,500.000000,75.000000,80.000000,0.500000,4.499999,4.499999
24,1,24500.000000,1500.000000,75.000000,80.000000,0.500000,4.499999,4.499999
24,2,24500.000000,2500.000000,75.000000,80.000000,0.500000,4.499999,4.499999
24,3,24500.000000,3500.000000,75.000000,80.000000,0.500000,4.499999,4.499999
24,4,24500.000000,4500.000000,75.000000,80.000000,0.500000,4.499999,4.499999
24,5,24500.000000,5500.000000,75.000000,80.000000,0.500000,4.499999,4.499999
24,6,24500.000000,6500.000000,75.000000,80.000000,0.500000,4.499999,4.499999
24,7,24500.000000,7500.000000,75.000000,80.000000,0.500000,4.499999,4.499999
24,8,24500.000000,8500.000000,75.000000,80.000000,0.500000,4.499999,4.499999
24,9,24500.000000,9500.000000,75.000000,80.000000,0.500000,4.499999,4.499999
25,0,25500.000000,500.000000,74.000000,79.000000,0.500000,4.499999,4.499999
25,1,25500.000000,1500.000000,74.000000,79.000000,0.500000,4.499999,4.499999
25,2,25500.000000,2500.000000,74.000000,79.000000,0.500000,4.499999,4.499999
25,3,25500.000000,3500.000000,74.000000,79.000000,0.500000,4.499999,4.499999
25,4,25500.000000,4500.000000,74.000000,79.000000,0.500000,4.499999,4.499999
25,5,25500.000000,5500.000000,74.000000,79.000000,0.500000,4.499999,4.499999
25,6,25500.000000,6500.000000,74.000000,79.000000,0.500000,4.499999,4.499999
25,7,25500.000000,7500.000000,74.000000,79.000000,0.500000,4.499999,4.499999
25,8,25500.000000,8500.000000,74.000000,79.000000,0.500000,4.499999,4.499999
25,9,25500.000000,9500.000000,74.000000,79.000000,0.500000,4.499999,4.499999
26,0,26500.000000,500.000000,73.000000,78.000000,0.500000,4.499999,4.499999
26,1,26500.000000,1500.000000,73.000000,78.000000,0.500000,4.499999,4.499999
26,2,26500.000000,2500.000000,73.000000,78.000000,0.500000,4.499999,4.499999
26,3,26500.000000,3500.000000,73.000000,78.000000,0.500000,4.499999,4.499999
26,4,26500.000000,4500.000000,73.000000,78.000000,0.500000,4.499999,4.499999
26,5,26500.000000,5500.000000,73.000000,78.000000,0.500000,4.499999,4.499999
26,6,26500.000000,6500.000000,73.000000,78.000000,0.500000,4.499999,4.499999
26,7,26500.000000,7500.000000,73.000000,78.000000,0.500000,4.499999,4.499999
26,8,26500.000000,8500.000000,73.000000,78.000000,0.500000,4.499999,4.499999
26,9,26500.000000,9500.000000,73.000000,78.000000,0.500000,4.499999,4.499999
27,0,27500.000000,500.000000,72.000000,77.000000,0.500000,4.499999,4.499999
27,1,27500.000000,1500.000000,72.000000,77.000000,0.500000,4.499999,4.499999
27,2,27500.000000,2500.000000,72.000000,77.000000,0.500000,4.499999,4.499999
27,3,27500.000000,3500.000000,72.000000,77.000000,0.500000,4.499999,4.499999
27,4,27500.000000,4500.000000,72.000000,77.000000,0.500000,4.499999,4.499999
27,5,27500.000000,5500.000000,72.000000,77.000000,0.500000,4.499999,4.499999
27,6,27500.000000,6500.000000,72.000000,77.000000,0.500000,4.499999,4.499999
27,7,27500.000000,7500.000000,72.000000,77.000000,0.500000,4.499999,4.499999
27,8,27500.000000,8500.000000,72.000000,77.000000,0.500000,4.499999,4.499999
27,9,27500.000000,9500.000000,72.000000,77.000000,0.500000,4.499999,4.499999
28,0,28500.000000,500.000000,71.000000,76.000000,0.500000,4.499999,4.499999
28,1,28500.000000,1500.000000,71.000000,76.000000,0.500000,4.499999,4.499999
28,2,28500.000000,2500.000000,71.000000,76.000000,0.500000,4.499999,4.499999
28,3,28500.000000,3500.000000,71.000000,76.000000,0.500000,4.499999,4.499999
28,4,28500.000000,4500.000000,71.000000,76.000000,0.500000,4.499999,4.499999
28,5,28500.000000,5500.000000,71.000000,76.000000,0.500000,4.499999,4.499999
28,6,28500.000000,6500.000000,71.000000,76.000000,0.500000,4.499999,4.499999
28,7,28500.000000,7500.000000,71.000000,76.000000,0.500000,4.499999,4.499999
28,8,28500.000000,8500.000000,71.000000,76.000000,0.500000,4.499999,4.499999
28,9,28500.000000,9500.000000,71.000000,76.000000,0.500000,4.499999,4.499999
29,0,29500.000000,500.000000,70.000000,75.000000,0.500000,4.499999,4.499999
29,1,29500.000000,1500.000000,70.000000,75.000000,0.500000,4.499999,4.499999
29,2,29500.000000,2500.000000,70.000000,75.000000,0.500000,4.499999,4.499999
29,3,29500.000000,3500.000000,70.000000,75.000000,0.500000,4.499999,4.499999
29,4,29500.000000,4500.000000,70.000000,75.000000,0.500000,4.499999,4.499999
29,5,29500.000000,5500.000000,70.000000,75.000000,0.500000,4.499999,4.499999
29,6,29500.000000,6500.000000,70.000000,75.000000,0.500000,4.499999,4.499999
29,7,29500.000000,7500.000000,70.000000,75.000000,0.500000,4.499999,4.499999
29,8,29500.000000,8500.000000,70.000000,75.000000,0.500000,4.499999,4.499999
29,9,29500.000000,9500.000000,70.000000,75.000000,0.500000,4.499999,4.499999
30,0,30500.000000,500.000000,69.000000,74.000000,0.500000,4.499999,4.499999
30,1,30500.000000,1500.000000,69.000000,74.000000,0.500000,4.499999,4.499999
30,2,30500.000000,2500.000000,69.000000,74.000000,0.500000,4.499999,4.499999
30,3,30500.000000,3500.000000,69.000000,74.000000,0.500000,4.499999,4.499999
30,4,30500.000000,4500.000000,69.000000,74.000000,0.500000,4.499999,4.499999
30,5,30500.000000,5500.000000,69.000000,74.000000,0.500000,4.499999,4.499999
30,6,30500.000000,6500.000000,69.000000,74.000000,0.500000,4.499999,4.499999
30,7,30500.000000,7500.000000,69.000000,74.000000,0.500000,4.499999,4.499999
30,8,30500.000000,8500.000000,69.000000,74.000000,0.500000,4.499999,4.499999
30,9,30500.000000,9500.000000,69.000000,74.000000,0.500000,4.499999,4.499999
31,0,31500.000000,500.000000,68.000000,73.000000,0.500000,4.499999,4.499999
31,1,31500.000000,1500.000000,68.000000,73.000000,0.500000,4.499999,4.499999
31,2,31500.000000,2500.000000,68.000000,73.000000,0.500000,4.499999,4.499999
31,3,31500.000000,3500.000000,68.000000,73.000000,0.500000,4.499999,4.499999
31,4,31500.000000,4500.000000,68.000000,73.000000,0.500000,4.499999,4.499999
31,5,31500.000000,5500.000000,68.000000,73.000000,0.500000,4.499999,4.499999
31,6,31500.000000,6500.000000,68.000000,73.000000,0.500000,4.499999,4.499999
31,7,31500.000000,7500.000000,68.000000,73.000000,0.500000,4.499999,4.499999
31,8,31500.000000,8500.000000,68.000000,73.000000,0.500000,4.499999,4.499999
31,9,31500.000000,9500.000000,68.000000,73.000000,0.500000,4.499999,4.499999
32,0,32500.000000,500.000000,67.000000,72.000000,0.500000,4.499999,4.499999
32,1,32500.000000,1500.000000,67.000000,72.000000,0.500000,4.499999,4.499999
32,2,32500.000000,2500.000000,67.000000,72.000000,0.500000,4.499999,4.499999
32,3,32500.000000,3500.000000,67.000000,72.000000,0.500000,4.499999,4.499999
32,4,32500.000000,4500.000000,67.000000,72.000000,0.500000,4.499999,4.499999
32,5,32500.000000,5500.000000,67.000000,72.000000,0.500000,4.499999,4.499999
32,6,32500.000000,6500.000000,67.000000,72.000000,0.500000,4.499999,4.499999
32,7,32500.000000,7500.000000,67.000000,72.000000,0.500000,4.499999,4.499999
32,8,32500.000000,8500.000000,67.000000,72.000000,0.500000,4.499999,4.499999
32,9,32500.000000,9500.000000,67.000000,72.000000,0.500000,4.499999,4.499999
33,0,33500.000000,500.000000,66.000000,71.000000,0.500000,4.499999,4.499999
33,1,33500.000000,1500.000000,66.000000,71.000000,0.500000,4.499999,4.499999
33,2,33500.000000,2500.000000,66.000000,71.000000,0.500000,4.499999,4.499999
33,3,33500.000000,3500.000000,66.000000,71.000000,0.500000,4.499999,4.499999
33,4,33500.000000,4500.000000,66.000000,71.000000,0.500000,4.499999,4.499999
33,5,33500.000000,5500.000000,66.000000,71.000000,0.500000,4.499999,4.499999
33,6,33500.000000,6500.000000,66.000000,71.000000,0.500000,4.499999,4.499999
33,7,33500.000000,7500.000000,66.000000,71.000000,0.500000,4.499999,4.499999
33,8,33500.000000,8500.000000,66.000000,71.000000,0.500000,4.499999,4.499999
33,9,33500.000000,9500.000000,66.000000,71.000000,0.500000,4.499999,4.499999
34,0,34500.000000,500.000000,65.000000,70.000000,0.500000,4.499999,4.499999
34,1,34500.000000,1500.000000,65.000000,70.000000,0.500000,4.499999,4.499999
34,2,34500.000000,2500.000000,65.000000,70.000000,0.500000,4.499999,4.499999
34,3,34500.000000,3500.000000,65.000000,70.000000,0.500000,4.499999,4.499999
34,4,34500.000000,4500.000000,65.000000,70.000000,0.500000,4.499999,4.499999
34,5,34500.000000,5500.000000,65.000000,70.000000,0.500000,4.499999,4.499999
34,6,34500.000000,6500.000000,65.000000,70.000000,0.500000,4.499999,4.499999
34,7,34500.000000,7500.000000,65.000000,70.000000,0.500000,4.499999,4.499999
34,8,34500.000000,8500.000000,65.000000,70.000000,0.500000,4.499999,4.499999
34,9,34500.000000,9500.000000,65.000000,70.000000,0.500000,4.499999,4.499999
35,0,35500.000000,500.000000,64.000000,69.000000,0.500000,4.499999,4.499999
35,1,35500.000000,1500.000000,64.000000,69.000000,0.500000,4.499999,4.499999
35,2,35500.000000,2500.000000,64.000000,69.000000,0.500000,4.499999,4.499999
35,3,35500.000000,3500.000000,64.000000,69.000000,0.500000,4.499999,4.499999
35,4,35500.000000,4500.000000,64.000000,69.000000,0.500000,4.499999,4.499999
35,5,35500.000000,5500.000000,64.000000,69.000000,0.500000,4.499999,4.499999
35,6,35500.000000,6500.000000,64.000000,69.000000,0.500000,4.499999,4.499999
35,7,35500.000000,7500.000000,64.000000,69.000000,0.500000,4.499999,4.499999
35,8,35500.000000,8500.000000,64.000000,69.000000,0.500000,4.499999,4.499999
35,9,35500.000000,9500.000000,64.000000,69.000000,0.500000,4.499999,4.499999
36,0,36500.000000,500.000000,63.000000,68.000000,0.500000,4.500000,4.500000
36,1,36500.000000,1500.000000,63.000000,68.000000,0.500000,4.500000,4.500000
36,2,36500.000000,2500.000000,63.000000,68.000000,0.500000,4.500000,4.500000
36,3,36500.000000,3500.000000,63.000000,68.000000,0.500000,4.500000,4.500000
36,4,36500.000000,4500.000000,63.000000,68.000000,0.500000,4.500000,4.500000
36,5,36500.000000,5500.000000,63.000000,68.000000,0.500000,4.500000,4.500000
36,6,36500.000000,6500.000000,63.000000,68.000000,0.500000,4.500000,4.500000
36,7,36500.000000,7500.000000,63.000000,68.000000,0.500000,4.500000,4.500000
36,8,36500.000000,8500.000000,63.000000,68.000000,0.500000,4.500000,4.500000
36,9,36500.000000,9500.000000,63.000000,68.000000,0.500000,4.500000,4.500000
37,0,37500.000000,500.000000,62.000000,67.000000,0.500000,4.500000,4.500000
37,1,37500.000000,1500.000000,62.000000,67.000000,0.500000,4.500000,4.500000
37,2,37500.000000,2500.000000,62.000000,67.000000,0.500000,4.500000,4.500000
37,3,37500.000000,3500.000000,62.000000,67.000000,0.500000,4.500000,4.500000
37,4,37500.000000,4500.000000,62.000000,67.000000,0.500000,4.500000,4.500000
37,5,37500.000000,5500.000000,62.000000,67.000000,0.500000,4.500000,4.500000
37,6,37500.000000,6500.000000,62.000000,67.000000,0.500000,4.500000,4.500000
37,7,37500.000000,7500.000000,62.000000,67.000000,0.500000,4.500000,4.500000
37,8,37500.000000,8500.000000,62.000000,67.000000,0.500000,4.500000,4.500000
37,9,37500.000000,9500.000000,62.000000,67.000000,0.500000,4.500000,4.500000
38,0,38500.000000,500.000000,61.000000,66.000000,0.500000,4.500000,4.500000
38,1,38500.000000,1500.000000,61.000000,66.000000,0.500000,4.500000,4.500000
38,2,38500.000000,2500.000000,61.000000,66.000000,0.500000,4.500000,4.500000
38,3,38500.000000,3500.000000,61.000000,66.000000,0.500000,4.500000,4.500000
38,4,38500.000000,4500.000000,61.000000,66.000000,0.500000,4.500000,4.500000
38,5,38500.000000,5500.000000,61.000000,66.000000,0.500000,4.500000,4.500000
38,6,38500.000000,6500.000000,61.000000,66.000000,0.500000,4.500000,4.500000
38,7,38500.000000,7500.000000,61.000000,66.000000,0.500000,4.500000,4.500000
38,8,38500.000000,8500.000000,61.000000,66.000000,0.500000,4.500000,4.500000
38,9,38500.000000,9500.000000,61.000000,66.000000,0.500000,4.500000,4.500000
39,0,39500.000000,500.000000,60.000000,65.000000,0.500000,4.500000,4.500000
39,1,39500.000000,1500.000000,60.000000,65.000000,0.500000,4.500000,4.500000
39,2,39500.000000,2500.000000,60.000000,65.000000,0.500000,4.500000,4.500000
39,3,39500.000000,3500.000000,60.000000,65.000000,0.500000,4.500000,4.500000
39,4,39500.000000,4500.000000,60.000000,65.000000,0.500000,4.500000,4.500000
39,5,39500.000000,5500.000000,60.000000,65.000000,0.500000,4.500000,4.500000
39,6,39500.000000,6500.000000,60.000000,65.000000,0.500000,4.500000,4.500000
39,7,39500.000000,7500.000000,60.000000,65.000000,0.500000,4.500000,4.500000
39,8,39500.000000,8500.000000,60.000000,65.000000,0.500000,4.500000,4.500000
39,9,39500.000000,9500.000000,60.000000,65.000000,0.500000,4.500000,4.500000
40,0,40500.000000,500.000000,59.000000,64.000000,0.500000,4.500000,4.500000
40,1,40500.000000,1500.000000,59.000000,64.000000,0.500000,4.500000,4.500000
40,2,40500.000000,2500.000000,59.000000,64.000000,0.500000,4.500000,4.500000
40,3,40500.000000,3500.000000,59.000000,64.000000,0.500000,4.500000,4.500000
40,4,40500.000000,4500.000000,59.000000,64.000000,0.500000,4.500000,4.500000
40,5,40500.000000,5500.000000,59.000000,64.000000,0.500000,4.500000,4.500000
40,6,40500.000000,6500.000000,59.000000,64.000000,0.500000,4.500000,4.500000
40,7,40500.000000,7500.000000,59.000000,64.000000,0.500000,4.500000,4.500000
40,8,40500.000000,8500.000000,59.000000,64.000000,0.500000,4.500000,4.500000
40,9,40500.000000,9500.000000,59.000000,64.000000,0.500000,4.500000,4.500000
41,0,41500.000000,500.000000,58.000000,63.000000,0.500000,4.500000,4.500000
41,1,41500.000000,1500.000000,58.000000,63.000000,0.500000,4.500000,4.500000
41,2,41500.000000,2500.000000,58.000000,63.000000,0.500000,4.500000,4.500000
41,3,41500.000000,3500.000000,58.000000,63.000000,0.500000,4.500000,4.500000
41,4,41500.000000,4500.000000,58.000000,63.000000,0.500000,4.500000,4.500000
41,5,41500.000000,5500.000000,58.000000,63.000000,0.500000,4.500000,4.500000
41,6,41500.000000,6500.000000,58.000000,63.000000,0.500000,4.500000,4.500000
41,7,41500.000000,7500.000000,58.000000,63.000000,0.500000,4.500000,4.500000
41,8,41500.000000,8500.000000,58.000000,63.000000,0.500000,4.500000,4.500000
41,9,41500.000000,9500.000000,58.000000,63.000000,0.500000,4.500000,4.500000
42,0,42500.000000,500.000000,57.000000,62.000000,0.500000,4.500000,4.500000
42,1,42500.000000,1500.000000,57.000000,62.000000,0.500000,4.500000,4.500000
42,2,42500.000000,2500.000000,57.000000,62.000000,0.500000,4.500000,4.500000
42,3,42500.000000,3500.000000,57.000000,62.000000,0.500000,4.500000,4.500000
42,4,42500.000000,4500.000000,57.000000,62.000000,0.500000,4.500000,4.500000
42,5,42500.000000,5500.000000,57.000000,62.000000,0.500000,4.500000,4.500000
42,6,42500.000000,6500.000000,57.000000,62.000000,0.500000,4.500000,4.500000
42,7,42500.000000,7500.000000,57.000000,62.000000,0.500000,4.500000,4.500000
42,8,42500.000000,8500.000000,57.000000,62.000000,0.500000,4.500000,4.500000
42,9,42500.000000,9500.000000,57.000000,62.000000,0.500000,4.500000,4.500000
43,0,43500.000000,500.000000,56.000000,61.000000,0.500000,4.500000,4.500000
43,1,43500.000000,1500.000000,56.000000,61.000000,0.500000,4.500000,4.500000
43,2,43500.000000,2500.000000,56.000000,61.000000,0.500000,4.500000,4.500000
43,3,43500.000000,3500.000000,56.000000,61.000000,0.500000,4.500000,4.500000
43,4,43500.000000,4500.000000,56.000000,61.000000,0.500000,4.500000,4.500000
43,5,43500.000000,5500.000000,56.000000,61.000000,0.500000,4.500000,4.500000
43,6,43500.000000,6500.000000,56.000000,61.000000,0.500000,4.500000,4.500000
43,7,43500.000000,7500.000000,56.000000,61.000000,0.500000,4.500000,4.500000
43,8,43500.000000,8500.000000,56.000000,61.000000,0.500000,4.500000,4.500000
43,9,43500.000000,9500.000000,56.000000,61.000000,0.500000,4.500000,4.500000
44,0,44500.000000,500.000000,55.000000,60.000000,0.500000,4.500000,4.500000
44,1,44500.000000,1500.000000,55.000000,60.000000,0.500000,4.500000,4.500000
44,2,44500.000000,2500.000000,55.000000,60.000000,0.500000,4.500000,4.500000
44,3,44500.000000,3500.000000,55.000000,60.000000,0.500000,4.500000,4.500000
44,4,44500.000000,4500.000000,55.000000,60.000000,0.500000,4.500000,4.500000
44,5,44500.000000,5500.000000,55.000000,60.000000,0.500000,4.500000,4.500000
44,6,44500.000000,6500.000000,55.000000,60.000000,0.500000,4.500000,4.500000
44,7,44500.000000,7500.000000,55.000000,60.000000,0.500000,4.500000,4.500000
44,8,44500.000000,8500.000000,55.000000,60.000000,0.500000,4.500000,4.500000
44,9,44500.000000,9500.000000,55.000000,60.000000,0.500000,4.500000,4.500000
45,0,45500.000000,500.000000,54.000000,59.000000,0.500000,4.500000,4.500000
45,1,45500.000000,1500.000000,54.000000,59.000000,0.500000,4.500000,4.500000
45,2,45500.000000,2500.000000,54.000000,59.000000,0.500000,4.500000,4.500000
45,3,45500.000000,3500.000000,54.000000,59.000000,0.500000,4.500000,4.500000
45,4,45500.000000,4500.000000,54.000000,59.000000,0.500000,4.500000,4.500000
45,5,45500.000000,5500.000000,54.000000,59.000000,0.500000,4.500000,4.500000
45,6,45500.000000,6500.000000,54.000000,59.000000,0.500000,4.500000,4.500000
45,7,45500.000000,7500.000000,54.000000,59.000000,0.500000,4.500000,4.500000
45,8,45500.000000,8500.000000,54.000000,59.000000,0.500000,4.500000,4.500000
45,9,45500.000000,9500.000000,54.000000,59.000000,0.500000,4.500000,4.500000
46,0,46500.000000,500.000000,53.000000,58.000000,0.500000,4.500000,4.500000
46,1,46500.000000,1500.000000,53.000000,58.000000,0.500000,4.500000,4.500000
46,2,46500.000000,2500.000000,53.000000,58.000000,0.500000,4.500000,4.500000
46,3,46500.000000,3500.000000,53.000000,58.000000,0.500000,4.500000,4.500000
46,4,46500.000000,4500.000000,53.000000,58.000000,0.500000,4.500000,4.500000
46,5,46500.000000,5500.000000,53.000000,58.000000,0.500000,4.500000,4.500000
46,6,46500.000000,6500.000000,53.000000,58.000000,0.500000,4.500000,4.500000
46,7,46500.000000,7500.000000,53.000000,58.000000,0.500000,4.500000,4.500000
46,8,46500.000000,8500.000000,53.000000,58.000000,0.500000,4.500000,4.500000
46,9,46500.000000,9500.000000,53.000000,58.000000,0.500000,4.500000,4.500000
47,0,47500.000000,500.000000,52.000000,57.000000,0.500000,4.500000,4.500000
47,1,47500.000000,1500.000000,52.000000,57.000000,0.500000,4.500000,4.500000
47,2,47500.000000,2500.000000,52.000000,57.000000,0.500000,4.500000,4.500000
47,3,47500.000000,3500.000000,52.000000,57.000000,0.500000,4.500000,4.500000
47,4,47500.000000,4500.000000,52.000000,57.000000,0.500000,4.500000,4.500000
47,5,47500.000000,5500.000000,52.000000,57.000000,0.500000,4.500000,4.500000
47,6,47500.000000,6500.000000,52.000000,57.000000,0.500000,4.500000,4.500000
47,7,47500.000000,7500.000000,52.000000,57.000000,0.500000,4.500000,4.500000
47,8,47500.000000,8500.000000,52.000000,57.000000,0.500000,4.500000,4.500000
47,9,47500.000000,9500.000000,52.000000,57.000000,0.500000,4.500000,4.500000
48,0,48500.000000,500.000000,51.000000,56.000000,0.500000,4.500000,4.500000
48,1,48500.000000,1500.000000,51.000000,56.000000,0.500000,4.500000,4.500000
48,2,48500.000000,2500.000000,51.000000,56.000000,0.500000,4.500000,4.500000
48,3,48500.000000,3500.000000,51.000000,56.000000,0.500000,4.500000,4.500000
48,4,48500.000000,4500.000000,51.000000,56.000000,0.500000,4.500000,4.500000
48,5,48500.000000,5500.000000,51.000000,56.000000,0.500000,4.500000,4.500000
48,6,48500.000000,6500.000000,51.000000,56.000000,0.500000,4.500000,4.500000
48,7,48500.000000,7500.000000,51.000000,56.000000,0.500000,4.500000,4.500000
48,8,48500.000000,8500.000000,51.000000,56.000000,0.500000,4.500000,4.500000
48,9,48500.000000,9500.000000,51.000000,56.000000,0.500000,4.500000,4.500000
49,0,49500.000000,500.000000,50.000000,55.000000,0.500000,4.500000,4.500000
49,1,49500.000000,1500.000000,50.000000,55.000000,0.500000,4.500000,4.500000
49,2,49500.000000,2500.000000,50.000000,55.000000,0.500000,4.500000,4.500000
49,3,49500.000000,3500.000000,50.000000,55.000000,0.500000,4.500000,4.500000
49,4,49500.000000,4500.000000,50.000000,55.000000,0.500000,4.500000,4.500000
49,5,49500.000000,5500.000000,50.000000,55.000000,0.500000,4.500000,4.500000
49,6,49500.000000,6500.000000,50.000000,55.000000,0.500000,4.500000,4.500000
49,7,49500.000000,7500.000000,50.000000,55.000000,0.500000,4.500000,4.500000
49,8,49500.000000,8500.000000,50.000000,55.000000,0.500000,4.500000,4.500000
49,9,49500.000000,9500.000000,50.000000,55.000000,0.500000,4.500000,4.500000
50,0,50500.000000,500.000000,49.000000,54.000000,0.500000,4.500000,4.500000
50,1,50500.000000,1500.000000,49.000000,54.000000,0.500000,4.500000,4.500000
50,2,50500.000000,2500.000000,49.000000,54.000000,0.500000,4.500000,4.500000
50,3,50500.000000,3500.000000,49.000000,54.000000,0.500000,4.500000,4.500000
50,4,50500.000000,4500.000000,49.000000,54.000000,0.500000,4.500000,4.500000
50,5,50500.000000,5500.000000,49.000000,54.000000,0.500000,4.500000,4.500000
50,6,50500.000000,6500.000000,49.000000,54.000000,0.500000,4.500000,4.500000
50,7,50500.000000,7500.000000,49.000000,54.000000,0.500000,4.500000,4.500000
50,8,50500.000000,8500.000000,49.000000,54.000000,0.500000,4.500000,4.500000
50,9,50500.000000,9500.000000,49.000000,54.000000,0.500000,4.500000,4.500000
51,0,51500.000000,500.000000,48.000000,53.000000,0.500000,4.500000,4.500000
51,1,51500.000000,1500.000000,48.000000,53.000000,0.500000,4.500000,4.500000
51,2,51500.000000,2500.000000,48.000000,53.000000,0.500000,4.500000,4.500000
51,3,51500.000000,3500.000000,48.000000,53.000000,0.500000,4.500000,4.500000
51,4,51500.000000,4500.000000,48.000000,53.000000,0.500000,4.500000,4.500000
51,5,51500.000000,5500.000000,48.000000,53.000000,0.500000,4.500000,4.500000
51,6,51500.000000,6500.000000,48.000000,53.000000,0.500000,4.500000,4.500000
51,7,51500.000000,7500.000000,48.000000,53.000000,0.500000,4.500000,4.500000
51,8,51500.000000,8500.000000,48.000000,53.000000,0.500000,4.500000,4.500000
51,9,51500.000000,9500.000000,48.000000,53.000000,0.500000,4.500000,4.500000
52,0,52500.000000,500.000000,47.000000,52.000000,0.500000,4.500000,4.500000
52,1,52500.000000,1500.000000,47.000000,52.000000,0.500000,4.500000,4.500000
52,2,52500.000000,2500.000000,47.000000,52.000000,0.500000,4.500000,4.500000
52,3,52500.000000,3500.000000,47.000000,52.000000,0.500000,4.500000,4.500000
52,4,52500.000000,4500.000000,47.000000,52.000000,0.500000,4.500000,4.500000
52,5,52500.000000,5500.000000,47.000000,52.000000,0.500000,4.500000,4.500000
52,6,52500.000000,6500.000000,47.000000,52.000000,0.500000,4.500000,4.500000
52,7,52500.000000,7500.000000,47.000000,52.000000,0.500000,4.500000,4.500000
52,8,52500.000000,8500.000000,47.000000,52.000000,0.500000,4.500000,4.500000
52,9,52500.000000,9500.000000,47.000000,52.000000,0.500000,4.500000,4.500000
53,0,53500.000000,500.000000,46.000000,51.000000,0.500000,4.500000,4.500000
53,1,53500.000000,1500.000000,46.000000,51.000000,0.500000,4.500000,4.500000
53,2,53500.000000,2500.000000,46.000000,51.000000,0.500000,4.500000,4.500000
53,3,53500.000000,3500.000000,46.000000,51.000000,0.500000,4.500000,4.500000
53,4,53500.000000,4500.000000,46.000000,51.000000,0.500000,4.500000,4.500000
53,5,53500.000000,5500.000000,46.000000,51.000000,0.500000,4.500000,4.500000
53,6,53500.000000,6500.000000,46.000000,51.000000,0.500000,4.500000,4.500000
53,7,53500.000000,7500.000000,46.000000,51.000000,0.500000,4.500000,4.500000
53,8,53500.000000,8500.000000,46.000000,51.000000,0.500000,4.500000,4.500000
53,9,53500.000000,9500.000000,46.000000,51.000000,0.500000,4.500000,4.500000
54,0,54500.000000,500.000000,45.000000,50.000000,0.500000,4.500000,4.500000
54,1,54500.000000,1500.000000,45.000000,50.000000,0.500000,4.500000,4.500000
54,2,54500.000000,2500.000000,45.000000,50.000000,0.500000,4.500000,4.500000
54,3,54500.000000,3500.000000,45.000000,50.000000,0.500000,4.500000,4.500000
54,4,54500.000000,4500.000000,45.000000,50.000000,0.500000,4.500000,4.500000
54,5,54500.000000,5500.000000,45.000000,50.000000,0.500000,4.500000,4.500000
54,6,54500.000000,6500.000000,45.000000,50.000000,0.500000,4.500000,4.500000
54,7,54500.000000,7500.000000,45.000000,50.000000,0.500000,4.500000,4.500000
54,8,54500.000000,8500.000000,45.000000,50.000000,0.500000,4.500000,4.500000
54,9,54500.000000,9500.000000,45.000000,50.000000,0.500000,4.500000,4.500000
55,0,55500.000000,500.000000,44.000000,49.000000,0.500000,4.500000,4.500000
55,1,55500.000000,1500.000000,44.000000,49.000000,0.500000,4.500000,4.500000
55,2,55500.000000,2500.000000,44.000000,49.000000,0.500000,4.500000,4.500000
55,3,55500.000000,3500.000000,44.000000,49.000000,0.500000,4.500000,4.500000
55,4,55500.000000,4500.000000,44.000000,49.000000,0.500000,4.500000,4.500000
55,5,55500.000000,5500.000000,44.000000,49.000000,0.500000,4.500000,4.500000
55,6,55500.000000,6500.000000,44.000000,49.000000,0.500000,4.500000,4.500000
55,7,55500.000000,7500.000000,44.000000,49.000000,0.500000,4.500000,4.500000
55,8,55500.000000,8500.000000,44.000000,49.000000,0.500000,4.500000,4.500000
55,9,55500.000000,9500.000000,44.000000,49.000000,0.500000,4.500000,4.500000
56,0,56500.000000,500.000000,43.000000,48.000000,0.500000,4.500000,4.500000
56,1,56500.000000,1500.000000,43.000000,48.000000,0.500000,4.500000,4.500000
56,2,56500.000000,2500.000000,43.000000,48.000000,0.500000,4.500000,4.500000
56,3,56500.000000,3500.000000,43.000000,48.000000,0.500000,4.500000,4.500000
56,4,56500.000000,4500.000000,43.000000,48.000000,0.500000,4.500000,4.500000
56,5,56500.000000,5500.000000,43.000000,48.000000,0.500000,4.500000,4.500000
56,6,56500.000000,6500.000000,43.000000,48.000000,0.500000,4.500000,4.500000
56,7,56500.000000,7500.000000,43.000000,48.000000,0.500000,4.500000,4.500000
56,8,56500.000000,8500.000000,43.000000,48.000000,0.500000,4.500000,4.500000
56,9,56500.000000,9500.000000,43.000000,48.000000,0.500000,4.500000,4.500000
57,0,57500.000000,500.000000,42.000000,47.000000,0.500000,4.500000,4.500000
57,1,57500.000000,1500.000000,42.000000,47.000000,0.500000,4.500000,4.500000
57,2,57500.000000,2500.000000,42.000000,47.000000,0.500000,4.500000,4.500000
57,3,57500.000000,3500.000000,42.000000,47.000000,0.500000,4.500000,4.500000
57,4,57500.000000,4500.000000,42.000000,47.000000,0.500000,4.500000,4.500000
57,5,57500.000000,5500.000000,42.000000,47.000000,0.500000,4.500000,4.500000
57,6,57500.000000,6500.000000,42.000000,47.000000,0.500000,4.500000,4.500000
57,7,57500.000000,7500.000000,42.000000,47.000000,0.500000,4.500000,4.500000
57,8,57500.000000,8500.000000,42.000000,47.000000,0.500000,4.500000,4.500000
57,9,57500.000000,9500.000000,42.000000,47.000000,0.500000,4.500000,4.500000
58,0,58500.000000,500.000000,41.000000,46.000000,0.500000,4.500000,4.500000
58,1,58500.000000,1500.000000,41.000000,46.000000,0.500000,4.500000,4.500000
58,2,58500.000000,2500.000000,41.000000,46.000000,0.500000,4.500000,4.500000
58,3,58500.000000,3500.000000,41.000000,46.000000,0.500000,4.500000,4.500000
58,4,58500.000000,4500.000000,41.000000,46.000000,0.500000,4.500000,4.500000
58,5,58500.000000,5500.000000,41.000000,46.000000,0.500000,4.500000,4.500000
58,6,58500.000000,6500.000000,41.000000,46.000000,0.500000,4.500000,4.500000
58,7,58500.000000,7500.000000,41.000000,46.000000,0.500000,4.500000,4.500000
58,8,58500.000000,8500.000000,41.000000,46.000000,0.500000,4.500000,4.500000
58,9,58500.000000,9500.000000,41.000000,46.000000,0.500000,4.500000,4.500000
59,0,59500.000000,500.000000,40.000000,45.000000,0.500000,4.500000,4.500000
59,1,59500.000000,1500.000000,40.000000,45.000000,0.500000,4.500000,4.500000
59,2,59500.000000,2500.000000,40.000000,45.000000,0.500000,4.500000,4.500000
59,3,59500.000000,3500.000000,40.000000,45.000000,0.500000,4.500000,4.500000
59,4,59500.000000,4500.000000,40.000000,45.000000,0.500000,4.500000,4.500000
59,5,59500.000000,5500.000000,40.000000,45.000000,0.500000,4.500000,4.500000
59,6,59500.000000,6500.000000,40.000000,45.000000,0.500000,4.500000,4.500000
59,7,59500.000000,7500.000000,40.000000,45.000000,0.500000,4.500000,4.500000
59,8,59500.000000,8500.000000,40.000000,45.000000,0.500000,4.500000,4.500000
59,9,59500.000000,9500.000000,40.000000,45.000000,0.500000,4.500000,4.500000
60,0,60500.000000,500.000000,39.000000,44.000000,0.500000,4.500000,4.500000
60,1,60500.000000,1500.000000,39.000000,44.000000,0.500000,4.500000,4.500000
60,2,60500.000000,2500.000000,39.000000,44.000000,0.500000,4.500000,4.500000
60,3,60500.000000,3500.000000,39.000000,44.000000,0.500000,4.500000,4.500000
60,4,60500.000000,4500.000000,39.000000,44.000000,0.500000,4.500000,4.500000
60,5,60500.000000,5500.000000,39.000000,44.000000,0.500000,4.500000,4.500000
60,6,60500.000000,6500.000000,39.000000,44.000000,0.500000,4.500000,4.500000
60,7,60500.000000,7500.000000,39.000000,44.000000,0.500000,4.500000,4.500000
60,8,60500.000000,8500.000000,39.000000,44.000000,0.500000,4.500000,4.500000
60,9,60500.000000,9500.000000,39.000000,44.000000,0.500000,4.500000,4.500000
61,0,61500.000000,500.000000,38.000000,43.000000,0.500000,4.500000,4.500000
61,1,61500.000000,1500.000000,38.000000,43.000000,0.500000,4.500000,4.500000
61,2,61500.000000,2500.000000,38.000000,43.000000,0.500000,4.500000,4.500000
61,3,61500.000000,3500.000000,38.000000,43.000000,0.500000,4.500000,4.500000
61,4,61500.000000,4500.000000,38.000000,43.000000,0.500000,4.500000,4.500000
61,5,61500.000000,5500.000000,38.000000,43.000000,0.500000,4.500000,4.500000
61,6,61500.000000,6500.000000,38.000000,43.000000,0.500000,4.500000,4.500000
61,7,61500.000000,7500.000000,38.000000,43.000000,0.500000,4.500000,4.500000
61,8,61500.000000,8500.000000,38.000000,43.000000,0.500000,4.500000,4.500000
61,9,61500.000000,9500.000000,38.000000,43.000000,0.500000,4.500000,4.500000
62,0,62500.000000,500.000000,37.000000,42.000000,0.500000,4.500000,4.500000
62,1,62500.000000,1500.000000,37.000000,42.000000,0.500000,4.500000,4.500000
62,2,62500.000000,2500.000000,37.000000,42.000000,0.500000,4.500000,4.500000
62,3,62500.000000,3500.000000,37.000000,42.000000,0.500000,4.500000,4.500000
62,4,62500.000000,4500.000000,37.000000,42.000000,0.500000,4.500000,4.500000
62,5,62500.000000,5500.000000,37.000000,42.000000,0.500000,4.500000,4.500000
62,6,62500.000000,6500.000000,37.000000,42.000000,0.500000,4.500000,4.500000
62,7,62500.000000,7500.000000,37.000000,42.000000,0.500000,4.500000,4.500000
62,8,62500.000000,8500.000000,37.000000,42.000000,0.500000,4.500000,4.500000
62,9,62500.000000,9500.000000,37.000000,42.000000,0.500000,4.500000,4.500000
63,0,63500.000000,500.000000,36.000000,41.000000,0.500000,4.500000,4.500000
63,1,63500.000000,1500.000000,36.000000,41.000000,0.500000,4.500000,4.500000
63,2,63500.000000,2500.000000,36.000000,41.000000,0.500000,4.500000,4.500000
63,3,63500.000000,3500.000000,36.000000,41.000000,0.500000,4.500000,4.500000
63,4,63500.000000,4500.000000,36.000000,41.000000,0.500000,4.500000,4.500000
63,5,63500.000000,5500.000000,36.000000,41.000000,0.500000,4.500000,4.500000
63,6,63500.000000,6500.000000,36.000000,41.000000,0.500000,4.500000,4.500000
63,7,63500.000000,7500.000000,36.000000,41.000000,0.500000,4.500000,4.500000
63,8,63500.000000,8500.000000,36.000000,41.000000,0.500000,4.500000,4.500000
63,9,63500.000000,9500.000000,36.000000,41.000000,0.500000,4.500000,4.500000
64,0,64500.000000,500.000000,35.000000,40.000000,0.500000,4.500000,4.500000
64,1,64500.000000,1500.000000,35.000000,40.000000,0.500000,4.500000,4.500000
64,2,64500.000000,2500.000000,35.000000,40.000000,0.500000,4.500000,4.500000
64,3,64500.000000,3500.000000,35.000000,40.000000,0.500000,4.500000,4.500000
64,4,64500.000000,4500.000000,35.000000,40.000000,0.500000,4.500000,4.500000
64,5,64500.000000,5500.000000,35.000000,40.000000,0.500000,4.500000,4.500000
64,6,64500.000000,6500.000000,35.000000,40.000000,0.500000,4.500000,4.500000
64,7,64500.000000,7500.000000,35.000000,40.000000,0.500000,4.500000,4.500000
64,8,64500.000000,8500.000000,35.000000,40.000000,0.500000,4.500000,4.500000
64,9,64500.000000,9500.000000,35.000000,40.000000,0.500000,4.500000,4.500000
65,0,65500.000000,500.000000,34.000000,39.000000,0.500000,4.500000,4.500000
65,1,65500.000000,1500.000000,34.000000,39.000000,0.500000,4.500000,4.500000
65,2,65500.000000,2500.000000,34.000000,39.000000,0.500000,4.500000,4.500000
65,3,65500.000000,3500.000000,34.000000,39.000000,0.500000,4.500000,4.500000
65,4,65500.000000,4500.000000,34.000000,39.000000,0.500000,4.500000,4.500000
65,5,65500.000000,5500.000000,34.000000,39.000000,0.500000,4.500000,4.500000
65,6,65500.000000,6500.000000,34.000000,39.000000,0.500000,4.500000,4.500000
65,7,65500.000000,7500.000000,34.000000,39.000000,0.500000,4.500000,4.500000
65,8,65500.000000,8500.000000,34.000000,39.000000,0.500000,4.500000,4.500000
65,9,65500.000000,9500.000000,34.000000,39.000000,0.500000,4.500000,4.500000
66,0,66500.000000,500.000000,33.000000,38.000000,0.500000,4.500000,4.500000
66,1,66500.000000,1500.000000,33.000000,38.000000,0.500000,4.500000,4.500000
66,2,66500.000000,2500.000000,33.000000,38.000000,0.500000,4.500000,4.500000
66,3,66500.000000,3500.000000,33.000000,38.000000,0.500000,4.500000,4.500000
66,4,66500.000000,4500.000000,33.000000,38.000000,0.500000,4.500000,4.500000
66,5,66500.000000,5500.000000,33.000000,38.000000,0.500000,4.500000,4.500000
66,6,66500.000000,6500.000000,33.000000,38.000000,0.500000,4.500000,4.500000
66,7,66500.000000,7500.000000,33.000000,38.000000,0.500000,4.500000,4.500000
66,8,66500.000000,8500.000000,33.000000,38.000000,0.500000,4.500000,4.500000
66,9,66500.000000,9500.000000,33.000000,38.000000,0.500000,4.500000,4.500000
67,0,67500.000000,500.000000,32.000000,37.000000,0.500000,4.500000,4.500000
67,1,67500.000000,1500.000000,32.000000,37.000000,0.500000,4.500000,4.500000
67,2,67500.000000,2500.000000,32.000000,37.000000,0.500000,4.500000,4.500000
67,3,67500.000000,3500.000000,32.000000,37.000000,0.500000,4.500000,4.500000
67,4,67500.000000,4500.000000,32.000000,37.000000,0.500000,4.500000,4.500000
67,5,67500.000000,5500.000000,32.000000,37.000000,0.500000,4.500000,4.500000
67,6,67500.000000,6500.000000,32.000000,37.000000,0.500000,4.500000,4.500000
67,7,67500.000000,7500.000000,32.000000,37.000000,0.500000,4.500000,4.500000
67,8,67500.000000,8500.000000,32.000000,37.000000,0.500000,4.500000,4.500000
67,9,67500.000000,9500.000000,32.000000,37.000000,0.500000,4.500000,4.500000
68,0,68500.000000,500.000000,31.000000,36.000000,0.500000,4.500000,4.500000
68,1,68500.000000,1500.000000,31.000000,36.000000,0.500000,4.500000,4.500000
68,2,68500.000000,2500.000000,31.000000,36.000000,0.500000,4.500000,4.500000
68,3,68500.000000,3500.000000,31.000000,36.000000,0.500000,4.500000,4.500000
68,4,68500.000000,4500.000000,31.000000,36.000000,0.500000,4.500000,4.500000
68,5,68500.000000,5500.000000,31.000000,36.000000,0.500000,4.500000,4.500000
68,6,68500.000000,6500.000000,31.000000,36.000000,0.500000,4.500000,4.500000
68,7,68500.000000,7500.000000,31.000000,36.000000,0.500000,4.500000,4.500000
68,8,68500.000000,8500.000000,31.000000,36.000000,0.500000,4.500000,4.500000
68,9,68500.000000,9500.000000,31.000000,36.000000,0.500000,4.500000,4.500000
69,0,69500.000000,500.000000,30.000000,35.000000,0.500000,4.500000,4.500000
69,1,69500.000000,1500.000000,30.000000,35.000000,0.500000,4.500000,4.500000
69,2,69500.000000,2500.000000,30.000000,35.000000,0.500000,4.500000,4.500000
69,3,69500.000000,3500.000000,30.000000,35.000000,0.500000,4.500000,4.500000
69,4,69500.000000,4500.000000,30.000000,35.000000,0.500000,4.500000,4.500000
69,5,69500.000000,5500.000000,30.000000,35.000000,0.500000,4.500000,4.500000
69,6,69500.000000,6500.000000,30.000000,35.000000,0.500000,4.500000,4.500000
69,7,69500.000000,7500.000000,30.000000,35.000000,0.500000,4.500000,4.500000
69,8,69500.000000,8500.000000,30.000000,35.000000,0.500000,4.500000,4.500000
69,9,69500.000000,9500.000000,30.000000,35.000000,0.500000,4.500000,4.500000
70,0,70500.000000,500.000000,29.000000,34.000000,0.500000,4.500000,4.500000
70,1,70500.000000,1500.000000,29.000000,34.000000,0.500000,4.500000,4.500000
70,2,70500.000000,2500.000000,29.000000,34.000000,0.500000,4.500000,4.500000
70,3,70500.000000,3500.000000,29.000000,34.000000,0.500000,4.500000,4.500000
70,4,70500.000000,4500.000000,29.000000,34.000000,0.500000,4.500000,4.500000
70,5,70500.000000,5500.000000,29.000000,34.000000,0.500000,4.500000,4.500000
70,6,70500.000000,6500.000000,29.000000,34.000000,0.500000,4.500000,4.500000
70,7,70500.000000,7500.000000,29.000000,34.000000,0.500000,4.500000,4.500000
70,8,70500.000000,8500.000000,29.000000,34.000000,0.500000,4.500000,4.500000
70,9,70500.000000,9500.000000,29.000000,34.000000,0.500000,4.500000,4.500000
71,0,71500.000000,500.000000,28.000000,33.000000,0.500000,4.500000,4.500000
71,1,71500.000000,1500.000000,28.000000,33.000000,0.500000,4.500000,4.500000
71,2,71500.000000,2500.000000,28.000000,33.000000,0.500000,4.500000,4.500000
71,3,71500.000000,3500.000000,28.000000,33.000000,0.500000,4.500000,4.500000
71,4,71500.000000,4500.000000,28.000000,33.000000,0.500000,4.500000,4.500000
71,5,71500.000000,5500.000000,28.000000,33.000000,0.500000,4.500000,4.500000
71,6,71500.000000,6500.000000,28.000000,33.000000,0.500000,4.500000,4.500000
71,7,71500.000000,7500.000000,28.000000,33.000000,0.500000,4.500000,4.500000
71,8,71500.000000,8500.000000,28.000000,33.000000,0.500000,4.500000,4.500000
71,9,71500.000000,9500.000000,28.000000,33.000000,0.500000,4.500000,4.500000
72,0,72500.000000,500.000000,27.000000,32.000000,0.500000,4.500000,4.500000
72,1,72500.000000,1500.000000,27.000000,32.000000,0.500000,4.500000,4.500000
72,2,72500.000000,2500.000000,27.000000,32.000000,0.500000,4.500000,4.500000
72,3,72500.000000,3500.000000,27.000000,32.000000,0.500000,4.500000,4.500000
72,4,72500.000000,4500.000000,27.000000,32.000000,0.500000,4.500000,4.500000
72,5,72500.000000,5500.000000,27.000000,32.000000,0.500000,4.500000,4.500000
72,6,72500.000000,6500.000000,27.000000,32.000000,0.500000,4.500000,4.500000
72,7,72500.000000,7500.000000,27.000000,32.000000,0.500000,4.500000,4.500000
72,8,72500.000000,8500.000000,27.000000,32.000000,0.500000,4.500000,4.500000
72,9,72500.000000,9500.000000,27.000000,32.000000,0.500000,4.500000,4.500000
73,0,73500.000000,500.000000,26.000000,31.000000,0.500000,4.500000,4.500000
73,1,73500.000000,1500.000000,26.000000,31.000000,0.500000,4.500000,4.500000
73,2,73500.000000,2500.000000,26.000000,31.000000,0.500000,4.500000,4.500000
73,3,73500.000000,3500.000000,26.000000,31.000000,0.500000,4.500000,4.500000
73,4,73500.000000,4500.000000,26.000000,31.000000,0.500000,4.500000,4.500000
73,5,73500.000000,5500.000000,26.000000,31.000000,0.500000,4.500000,4.500000
73,6,73500.000000,6500.000000,26.000000,31.000000,0.500000,4.500000,4.500000
73,7,73500.000000,7500.000000,26.000000,31.000000,0.500000,4.500000,4.500000
73,8,73500.000000,8500.000000,26.000000,31.000000,0.500000,4.500000,4.500000
73,9,73500.000000,9500.000000,26.000000,31.000000,0.500000,4.500000,4.500000
74,0,74500.000000,500.000000,25.000000,30.000000,0.500000,4.500000,4.500000
74,1,74500.000000,1500.000000,25.000000,30.000000,0.500000,4.500000,4.500000
74,2,74500.000000,2500.000000,25.000000,30.000000,0.500000,4.500000,4.500000
74,3,74500.000000,3500.000000,25.000000,30.000000,0.500000,4.500000,4.500000
74,4,74500.000000,4500.000000,25.000000,30.000000,0.500000,4.500000,4.500000
74,5,74500.000000,5500.000000,25.000000,30.000000,0.500000,4.500000,4.500000
74,6,74500.000000,6500.000000,25.000000,30.000000,0.500000,4.500000,4.500000
74,7,74500.000000,7500.000000,25.000000,30.000000,0.500000,4.500000,4.500000
74,8,74500.000000,8500.000000,25.000000,30.000000,0.500000,4.500000,4.500000
74,9,74500.000000,9500.000000,25.000000,30.000000,0.500000,4.500000,4.500000
75,0,75500.000000,500.000000,24.000000,29.000000,0.500000,4.500000,4.500000
75,1,75500.000000,1500.000000,24.000000,29.000000,0.500000,4.500000,4.500000
75,2,75500.000000,2500.000000,24.000000,29.000000,0.500000,4.500000,4.500000
75,3,75500.000000,3500.000000,24.000000,29.000000,0.500000,4.500000,4.500000
75,4,75500.000000,4500.000000,24.000000,29.000000,0.500000,4.500000,4.500000
75,5,75500.000000,5500.000000,24.000000,29.000000,0.500000,4.500000,4.500000
75,6,75500.000000,6500.000000,24.000000,29.000000,0.500000,4.500000,4.500000
75,7,75500.000000,7500.000000,24.000000,29.000000,0.500000,4.500000,4.500000
75,8,75500.000000,8500.000000,24.000000,29.000000,0.500000,4.500000,4.500000
75,9,75500.000000,9500.000000,24.000000,29.000000,0.500000,4.500000,4.500000
76,0,76500.000000,500.000000,23.000000,28.000000,0.500000,4.500000,4.500000
76,1,76500.000000,1500.000000,23.000000,28.000000,0.500000,4.500000,4.500000
76,2,76500.000000,2500.000000,23.000000,28.000000,0.500000,4.500000,4.500000
76,3,76500.000000,3500.000000,23.000000,28.000000,0.500000,4.500000,4.500000
76,4,76500.000000,4500.000000,23.000000,28.000000,0.500000,4.500000,4.500000
76,5,76500.000000,5500.000000,23.000000,28.000000,0.500000,4.500000,4.500000
76,6,76500.000000,6500.000000,23.000000,28.000000,0.500000,4.500000,4.500000
76,7,76500.000000,7500.000000,23.000000,28.000000,0.500000,4.500000,4.500000
76,8,76500.000000,8500.000000,23.000000,28.000000,0.500000,4.500000,4.500000
76,9,76500.000000,9500.000000,23.000000,28.000000,0.500000,4.500000,4.500000
77,0,77500.000000,500.000000,22.000000,27.000000,0.500000,4.500000,4.500000
77,1,77500.000000,1500.000000,22.000000,27.000000,0.500000,4.500000,4.500000
77,2,77500.000000,2500.000000,22.000000,27.000000,0.500000,4.500000,4.500000
77,3,77500.000000,3500.000000,22.000000,27.000000,0.500000,4.500000,4.500000
77,4,77500.000000,4500.000000,22.000000,27.000000,0.500000,4.500000,4.500000
77,5,77500.000000,5500.000000,22.000000,27.000000,0.500000,4.500000,4.500000
77,6,77500.000000,6500.000000,22.000000,27.000000,0.500000,4.500000,4.500000
77,7,77500.000000,7500.000000,22.000000,27.000000,0.500000,4.500000,4.500000
77,8,77500.000000,8500.000000,22.000000,27.000000,0.500000,4.500000,4.500000
77,9,77500.000000,9500.000000,22.000000,27.000000,0.500000,4.500000,4.500000
78,0,78500.000000,500.000000,21.000000,26.000000,0.500000,4.500000,4.500000
78,1,78500.000000,1500.000000,21.000000,26.000000,0.500000,4.500000,4.500000
78,2,78500.000000,2500.000000,21.000000,26.000000,0.500000,4.500000,4.500000
78,3,78500.000000,3500.000000,21.000000,26.000000,0.500000,4.500000,4.500000
78,4,78500.000000,4500.000000,21.000000,26.000000,0.500000,4.500000,4.500000
78,5,78500.000000,5500.000000,21.000000,26.000000,0.500000,4.500000,4.500000
78,6,78500.000000,6500.000000,21.000000,26.000000,0.500000,4.500000,4.500000
78,7,78500.000000,7500.000000,21.000000,26.000000,0.500000,4.500000,4.500000
78,8,78500.000000,8500.000000,21.000000,26.000000,0.500000,4.500000,4.500000
78,9,78500.000000,9500.000000,21.000000,26.000000,0.500000,4.500000,4.500000
79,0,79500.000000,500.000000,20.000000,25.000000,0.500000,4.500000,4.500000
79,1,79500.000000,1500.000000,20.000000,25.000000,0.500000,4.500000,4.500000
79,2,79500.000000,2500.000000,20.000000,25.000000,0.500000,4.500000,4.500000
79,3,79500.000000,3500.000000,20.000000,25.000000,0.500000,4.500000,4.500000
79,4,79500.000000,4500.000000,20.000000,25.000000,0.500000,4.500000,4.500000
79,5,79500.000000,5500.000000,20.000000,25.000000,0.500000,4.500000,4.500000
79,6,79500.000000,6500.000000,20.000000,25.000000,0.500000,4.500000,4.500000
79,7,79500.000000,7500.000000,20.000000,25.000000,0.500000,4.500000,4.500000
79,8,79500.000000,8500.000000,20.000000,25.000000,0.500000,4.500000,4.500000
79,9,79500.000000,9500.000000,20.000000,25.000000,0.500000,4.500000,4.500000
80,0,80500.000000,500.000000,19.000000,24.000000,0.500000,4.500000,4.500000
80,1,80500.000000,1500.000000,19.000000,24.000000,0.500000,4.500000,4.500000
80,2,80500.000000,2500.000000,19.000000,24.000000,0.500000,4.500000,4.500000
80,3,80500.000000,3500.000000,19.000000,24.000000,0.500000,4.500000,4.500000
80,4,80500.000000,4500.000000,19.000000,24.000000,0.500000,4.500000,4.500000
80,5,80500.000000,5500.000000,19.000000,24.000000,0.500000,4.500000,4.500000
80,6,80500.000000,6500.000000,19.000000,24.000000,0.500000,4.500000,4.500000
80,7,80500.000000,7500.000000,19.000000,24.000000,0.500000,4.500000,4.500000
80,8,80500.000000,8500.000000,19.000000,24.000000,0.500000,4.500000,4.500000
80,9,80500.000000,9500.000000,19.000000,24.000000,0.500000,4.500000,4.500000
81,0,81500.000000,500.000000,18.000000,23.000000,0.500000,4.500000,4.500000
81,1,81500.000000,1500.000000,18.000000,23.000000,0.500000,4.500000,4.500000
81,2,81500.000000,2500.000000,18.000000,23.000000,0.500000,4.500000,4.500000
81,3,81500.000000,3500.000000,18.000000,23.000000,0.500000,4.500000,4.500000
81,4,81500.000000,4500.000000,18.000000,23.000000,0.500000,4.500000,4.500000
81,5,81500.000000,5500.000000,18.000000,23.000000,0.500000,4.500000,4.500000
81,6,81500.000000,6500.000000,18.000000,23.000000,0.500000,4.500000,4.500000
81,7,81500.000000,7500.000000,18.000000,23.000000,0.500000,4.500000,4.500000
81,8,81500.000000,8500.000000,18.000000,23.000000,0.500000,4.500000,4.500000
81,9,81500.000000,9500.000000,18.000000,23.000000,0.500000,4.500000,4.500000
82,0,82500.000000,500.000000,17.000000,22.000000,0.500000,4.500000,4.500000
82,1,82500.000000,1500.000000,17.000000,22.000000,0.500000,4.500000,4.500000
82,2,82500.000000,2500.000000,17.000000,22.000000,0.500000,4.500000,4.500000
82,3,82500.000000,3500.000000,17.000000,22.000000,0.500000,4.500000,4.500000
82,4,82500.000000,4500.000000,17.000000,22.000000,0.500000,4.500000,4.500000
82,5,82500.000000,5500.000000,17.000000,22.000000,0.500000,4.500000,4.500000
82,6,82500.000000,6500.000000,17.000000,22.000000,0.500000,4.500000,4.500000
82,7,82500.000000,7500.000000,17.000000,22.000000,0.500000,4.500000,4.500000
82,8,82500.000000,8500.000000,17.000000,22.000000,0.500000,4.500000,4.500000
82,9,82500.000000,9500.000000,17.000000,22.000000,0.500000,4.500000,4.500000
83,0,83500.000000,500.000000,16.000000,21.000000,0.500000,4.500000,4.500000
83,1,83500.000000,1500.000000,16.000000,21.000000,0.500000,4.500000,4.500000
83,2,83500.000000,2500.000000,16.000000,21.000000,0.500000,4.500000,4.500000
83,3,83500.000000,3500.000000,16.000000,21.000000,0.500000,4.500000,4.500000
83,4,83500.000000,4500.000000,16.000000,21.000000,0.500000,4.500000,4.500000
83,5,83500.000000,5500.000000,16.000000,21.000000,0.500000,4.500000,4.500000
83,6,83500.000000,6500.000000,16.000000,21.000000,0.500000,4.500000,4.500000
83,7,83500.000000,7500.000000,16.000000,21.000000,0.500000,4.500000,4.500000
83,8,83500.000000,8500.000000,16.000000,21.000000,0.500000,4.500000,4.500000
83,9,83500.000000,9500.000000,16.000000,21.000000,0.500000,4.500000,4.500000
84,0,84500.000000,500.000000,15.000000,20.000000,0.500000,4.500000,4.500000
84,1,84500.000000,1500.000000,15.000000,20.000000,0.500000,4.500000,4.500000
84,2,84500.000000,2500.000000,15.000000,20.000000,0.500000,4.500000,4.500000
84,3,84500.000000,3500.000000,15.000000,20.000000,0.500000,4.500000,4.500000
84,4,84500.000000,4500.000000,15.000000,20.000000,0.500000,4.500000,4.500000
84,5,84500.000000,5500.000000,15.000000,20.000000,0.500000,4.500000,4.500000
84,6,84500.000000,6500.000000,15.000000,20.000000,0.500000,4.500000,4.500000
84,7,84500.000000,7500.000000,15.000000,20.000000,0.500000,4.500000,4.500000
84,8,84500.000000,8500.000000,15.000000,20.000000,0.500000,4.500000,4.500000
84,9,84500.000000,9500.000000,15.000000,20.000000,0.500000,4.500000,4.500000
85,0,85500.000000,500.000000,14.000000,19.000000,0.500000,4.500000,4.500000
85,1,85500.000000,1500.000000,14.000000,19.000000,0.500000,4.500000,4.500000
85,2,85500.000000,2500.000000,14.000000,19.000000,0.500000,4.500000,4.500000
85,3,85500.000000,3500.000000,14.000000,19.000000,0.500000,4.500000,4.500000
85,4,85500.000000,4500.000000,14.000000,19.000000,0.500000,4.500000,4.500000
85,5,85500.000000,5500.000000,14.000000,19.000000,0.500000,4.500000,4.500000
85,6,85500.000000,6500.000000,14.000000,19.000000,0.500000,4.500000,4.500000
85,7,85500.000000,7500.000000,14.000000,19.000000,0.500000,4.500000,4.500000
85,8,85500.000000,8500.000000,14.000000,19.000000,0.500000,4.500000,4.500000
85,9,85500.000000,9500.000000,14.000000,19.000000,0.500000,4.500000,4.500000
86,0,86500.000000,500.000000,13.000000,18.000000,0.500000,4.500000,4.500000
86,1,86500.000000,1500.000000,13.000000,18.000000,0.500000,4.500000,4.500000
86,2,86500.000000,2500.000000,13.000000,18.000000,0.500000,4.500000,4.500000
86,3,86500.000000,3500.000000,13.000000,18.000000,0.500000,4.500000,4.500000
86,4,86500.000000,4500.000000,13.000000,18.000000,0.500000,4.500000,4.500000
86,5,86500.000000,5500.000000,13.000000,18.000000,0.500000,4.500000,4.500000
86,6,86500.000000,6500.000000,13.000000,18.000000,0.500000,4.500000,4.500000
86,7,86500.000000,7500.000000,13.000000,18.000000,0.500000,4.500000,4.500000
86,8,86500.000000,8500.000000,13.000000,18.000000,0.500000,4.500000,4.500000
86,9,86500.000000,9500.000000,13.000000,18.000000,0.500000,4.500000,4.500000
87,0,87500.000000,500.000000,12.000000,17.000000,0.500000,4.500000,4.500000
87,1,87500.000000,1500.000000,12.000000,17.000000,0.500000,4.500000,4.500000
87,2,87500.000000,2500.000000,12.000000,17.000000,0.500000,4.500000,4.500000
87,3,87500.000000,3500.000000,12.000000,17.000000,0.500000,4.500000,4.500000
87,4,87500.000000,4500.000000,12.000000,17.000000,0.500000,4.500000,4.500000
87,5,87500.000000,5500.000000,12.000000,17.000000,0.500000,4.500000,4.500000
87,6,87500.000000,6500.000000,12.000000,17.000000,0.500000,4.500000,4.500000
87,7,87500.000000,7500.000000,12.000000,17.000000,0.500000,4.500000,4.500000
87,8,87500.000000,8500.000000,12.000000,17.000000,0.500000,4.500000,4.500000
87,9,87500.000000,9500.000000,12.000000,17.000000,0.500000,4.500000,4.500000
88,0,88500.000000,500.000000,11.000000,16.000000,0.500000,4.500000,4.500000
88,1,88500.000000,1500.000000,11.000000,16.000000,0.500000,4.500000,4.500000
88,2,88500.000000,2500.000000,11.000000,16.000000,0.500000,4.500000,4.500000
88,3,88500.000000,3500.000000,11.000000,16.000000,0.500000,4.500000,4.500000
88,4,88500.000000,4500.000000,11.000000,16.000000,0.500000,4.500000,4.500000
88,5,88500.000000,5500.000000,11.000000,16.000000,0.500000,4.500000,4.500000
88,6,88500.000000,6500.000000,11.000000,16.000000,0.500000,4.500000,4.500000
88,7,88500.000000,7500.000000,11.000000,16.000000,0.500000,4.500000,4.500000
88,8,88500.000000,8500.000000,11.000000,16.000000,0.500000,4.500000,4.500000
88,9,88500.000000,9500.000000,11.000000,16.000000,0.500000,4.500000,4.500000
89,0,89500.000000,500.000000,10.000000,15.000000,0.500000,4.500000,4.500000
89,1,89500.000000,1500.000000,10.000000,15.000000,0.500000,4.500000,4.500000
89,2,89500.000000,2500.000000,10.000000,15.000000,0.500000,4.500000,4.500000
89,3,89500.000000,3500.000000,10.000000,15.000000,0.500000,4.500000,4.500000
89,4,89500.000000,4500.000000,10.000000,15.000000,0.500000,4.500000,4.500000
89,5,89500.000000,5500.000000,10.000000,15.000000,0.500000,4.500000,4.500000
89,6,89500.000000,6500.000000,10.000000,15.000000,0.500000,4.500000,4.500000
89,7,89500.000000,7500.000000,10.000000,15.000000,0.500000,4.500000,4.500000
89,8,89500.000000,8500.000000,10.000000,15.000000,0.500000,4.500000,4.500000
89,9,89500.000000,9500.000000,10.000000,15.000000,0.500000,4.500000,4.500000
90,0,90500.000000,500.000000,9.000000,14.000000,0.500000,4.500000,4.500000
90,1,90500.000000,1500.000000,9.000000,14.000000,0.500000,4.500000,4.500000
90,2,90500.000000,2500.000000,9.000000,14.000000,0.500000,4.500000,4.500000
90,3,90500.000000,3500.000000,9.000000,14.000000,0.500000,4.500000,4.500000
90,4,90500.000000,4500.000000,9.000000,14.000000,0.500000,4.500000,4.500000
90,5,90500.000000,5500.000000,9.000000,14.000000,0.500000,4.500000,4.500000
90,6,90500.000000,6500.000000,9.000000,14.000000,0.500000,4.500000,4.500000
90,7,90500.000000,7500.000000,9.000000,14.000000,0.500000,4.500000,4.500000
90,8,90500.000000,8500.000000,9.000000,14.000000,0.500000,4.500000,4.500000
90,9,90500.000000,9500.000000,9.000000,14.000000,0.500000,4.500000,4.500000
91,0,91500.000000,500.000000,8.000000,13.000000,0.500000,4.500000,4.500000
91,1,91500.000000,1500.000000,8.000000,13.000000,0.500000,4.500000,4.500000
91,2,91500.000000,2500.000000,8.000000,13.000000,0.500000,4.500000,4.500000
91,3,91500.000000,3500.000000,8.000000,13.000000,0.500000,4.500000,4.500000
91,4,91500.000000,4500.000000,8.000000,13.000000,0.500000,4.500000,4.500000
91,5,91500.000000,5500.000000,8.000000,13.000000,0.500000,4.500000,4.500000
91,6,91500.000000,6500.000000,8.000000,13.000000,0.500000,4.500000,4.500000
91,7,91500.000000,7500.000000,8.000000,13.000000,0.500000,4.500000,4.500000
91,8,91500.000000,8500.000000,8.000000,13.000000,0.500000,4.500000,4.500000
91,9,91500.000000,9500.000000,8.000000,13.000000,0.500000,4.500000,4.500000
92,0,92500.000000,500.000000,7.000000,12.000000,0.500000,4.500000,4.500000
92,1,92500.000000,1500.000000,7.000000,12.000000,0.500000,4.500000,4.500000
92,2,92500.000000,2500.000000,7.000000,12.000000,0.500000,4.500000,4.500000
92,3,92500.000000,3500.000000,7.000000,12.000000,0.500000,4.500000,4.500000
92,4,92500.000000,4500.000000,7.000000,12.000000,0.500000,4.500000,4.500000
92,5,92500.000000,5500.000000,7.000000,12.000000,0.500000,4.500000,4.500000
92,6,92500.000000,6500.000000,7.000000,12.000000,0.500000,4.500000,4.500000
92,7,92500.000000,7500.000000,7.000000,12.000000,0.500000,4.500000,4.500000
92,8,92500.000000,8500.000000,7.000000,12.000000,0.500000,4.500000,4.500000
92,9,92500.000000,9500.000000,7.000000,12.000000,0.500000,4.500000,4.500000
93,0,93500.000000,500.000000,6.000000,11.000000,0.500000,4.500000,4.500000
93,1,93500.000000,1500.000000,6.000000,11.000000,0.500000,4.500000,4.500000
93,2,93500.000000,2500.000000,6.000000,11.000000,0.500000,4.500000,4.500000
93,3,93500.000000,3500.000000,6.000000,11.000000,0.500000,4.500000,4.500000
93,4,93500.000000,4500.000000,6.000000,11.000000,0.500000,4.500000,4.500000
93,5,93500.000000,5500.000000,6.000000,11.000000,0.500000,4.500000,4.500000
93,6,93500.000000,6500.000000,6.000000,11.000000,0.500000,4.500000,4.500000
93,7,93500.000000,7500.000000,6.000000,11.000000,0.500000,4.500000,4.500000
93,8,93500.000000,8500.000000,6.000000,11.000000,0.500000,4.500000,4.500000
93,9,93500.000000,9500.000000,6.000000,11.000000,0.500000,4.500000,4.500000
94,0,94500.000000,500.000000,5.000000,10.000000,0.500000,4.500000,4.500000
94,1,94500.000000,1500.000000,5.000000,10.000000,0.500000,4.500000,4.500000
94,2,94500.000000,2500.000000,5.000000,10.000000,0.500000,4.500000,4.500000
94,3,94500.000000,3500.000000,5.000000,10.000000,0.500000,4.500000,4.500000
94,4,94500.000000,4500.000000,5.000000,10.000000,0.500000,4.500000,4.500000
94,5,94500.000000,5500.000000,5.000000,10.000000,0.500000,4.500000,4.500000
94,6,94500.000000,6500.000000,5.000000,10.000000,0.500000,4.500000,4.500000
94,7,94500.000000,7500.000000,5.000000,10.000000,0.500000,4.500000,4.500000
94,8,94500.000000,8500.000000,5.000000,10.000000,0.500000,4.500000,4.500000
94,9,94500.000000,9500.000000,5.000000,10.000000,0.500000,4.500000,4.500000
95,0,95500.000000,500.000000,4.000000,9.000000,0.500000,4.500000,4.500000
95,1,95500.000000,1500.000000,4.000000,9.000000,0.500000,4.500000,4.500000
95,2,95500.000000,2500.000000,4.000000,9.000000,0.500000,4.500000,4.500000
95,3,95500.000000,3500.000000,4.000000,9.000000,0.500000,4.500000,4.500000
95,4,95500.000000,4500.000000,4.000000,9.000000,0.500000,4.500000,4.500000
95,5,95500.000000,5500.000000,4.000000,9.000000,0.500000,4.500000,4.500000
95,6,95500.000000,6500.000000,4.000000,9.000000,0.500000,4.500000,4.500000
95,7,95500.000000,7500.000000,4.000000,9.000000,0.500000,4.500000,4.500000
95,8,95500.000000,8500.000000,4.000000,9.000000,0.500000,4.500000,4.500000
95,9,95500.000000,9500.000000,4.000000,9.000000,0.500000,4.500000,4.500000
96,0,96500.000000,500.000000,3.000000,8.000000,0.500000,4.500000,4.500000
96,1,96500.000000,1500.000000,3.000000,8.000000,0.500000,4.500000,4.500000
96,2,96500.000000,2500.000000,3.000000,8.000000,0.500000,4.500000,4.500000
96,3,96500.000000,3500.000000,3.000000,8.000000,0.500000,4.500000,4.500000
96,4,96500.000000,4500.000000,3.000000,8.000000,0.500000,4.500000,4.500000
96,5,96500.000000,5500.000000,3.000000,8.000000,0.500000,4.500000,4.500000
96,6,96500.000000,6500.000000,3.000000,8.000000,0.500000,4.500000,4.500000
96,7,96500.000000,7500.000000,3.000000,8.000000,0.500000,4.500000,4.500000
96,8,96500.000000,8500.000000,3.000000,8.000000,0.500000,4.500000,4.500000
96,9,96500.000000,9500.000000,3.000000,8.000000,0.500000,4.500000,4.500000
97,0,97500.000000,500.000000,2.000000,7.000000,0.500000,4.500000,4.500000
97,1,97500.000000,1500.000000,2.000000,7.000000,0.500000,4.500000,4.500000
97,2,97500.000000,2500.000000,2.000000,7.000000,0.500000,4.500000,4.500000
97,3,97500.000000,3500.000000,2.000000,7.000000,0.500000,4.500000,4.500000
97,4,97500.000000,4500.000000,2.000000,7.000000,0.500000,4.500000,4.500000
97,5,97500.000000,5500.000000,2.000000,7.000000,0.500000,4.500000,4.500000
97,6,97500.000000,6500.000000,2.000000,7.000000,0.500000,4.500000,4.500000
97,7,97500.000000,7500.000000,2.000000,7.000000,0.500000,4.500000,4.500000
97,8,97500.000000,8500.000000,2.000000,7.000000,0.500000,4.500000,4.500000
97,9,97500.000000,9500.000000,2.000000,7.000000,0.500000,4.500000,4.500000
98,0,98500.000000,500.000000,1.000000,6.000000,0.500000,4.500000,4.500000
98,1,98500.000000,1500.000000,1.000000,6.000000,0.500000,4.500000,4.500000
98,2,98500.000000,2500.000000,1.000000,6.000000,0.500000,4.500000,4.500000
98,3,98500.000000,3500.000000,1.000000,6.000000,0.500000,4.500000,4.500000
98,4,98500.000000,4500.000000,1.000000,6.000000,0.500000,4.500000,4.500000
98,5,98500.000000,5500.000000,1.000000,6.000000,0.500000,4.500000,4.500000
98,6,98500.000000,6500.000000,1.000000,6.000000,0.500000,4.500000,4.500000
98,7,98500.000000,7500.000000,1.000000,6.000000,0.500000,4.500000,4.500000
98,8,98500.000000,8500.000000,1.000000,6.000000,0.500000,4.500000,4.500000
98,9,98500.000000,9500.000000,1.000000,6.000000,0.500000,4.500000,4.500000
99,0,99500.000000,500.000000,0.000000,5.000000,0.500000,4.500000,4.500000
99,1,99500.000000,1500.000000,0.000000,5.000000,0.500000,4.500000,4.500000
99,2,99500.000000,2500.000000,0.000000,5.000000,0.500000,4.500000,4.500000
99,3,99500.000000,3500.000000,0.000000,5.000000,0.500000,4.500000,4.500000
99,4,99500.000000,4500.000000,0.000000,5.000000,0.500000,4.500000,4.500000
99,5,99500.000000,5500.000000,0.000000,5.000000,0.500000,4.500000,4.500000
99,6,99500.000000,6500.000000,0.000000,5.000000,0.500000,4.500000,4.500000
99,7,99500.000000,7500.000000,0.000000,5.000000,0.500000,4.500000,4.500000
99,8,99500.000000,8500.000000,0.000000,5.000000,0.500000,4.500000,4.500000
99,9,99500.000000,9500.000000,0.000000,5.000000,0.500000,4.500000,4.500000
