X,Y,i,j,WL
500.000000,500.000000,0,0,100.047592
500.000000,1500.000000,0,1,100.513481
500.000000,2500.000000,0,2,101.319595
500.000000,3500.000000,0,3,102.336136
500.000000,4500.000000,0,4,103.641953
500.000000,5500.000000,0,5,105.353859
500.000000,6500.000000,0,6,103.643631
500.000000,7500.000000,0,7,102.349686
500.000000,8500.000000,0,8,101.411430
500.000000,9500.000000,0,9,100.988441
1500.000000,500.000000,1,0,99.862480
1500.000000,1500.000000,1,1,100.241112
1500.000000,2500.000000,1,2,100.947906
1500.000000,3500.000000,1,3,101.724342
1500.000000,4500.000000,1,4,102.423050
1500.000000,5500.000000,1,5,102.749908
1500.000000,6500.000000,1,6,102.428291
1500.000000,7500.000000,1,7,101.753639
1500.000000,8500.000000,1,8,101.094780
1500.000000,9500.000000,1,9,100.796257
2500.000000,500.000000,2,0,99.503723
2500.000000,1500.000000,2,1,99.738213
2500.000000,2500.000000,2,2,100.228828
2500.000000,3500.000000,2,3,100.712952
2500.000000,4500.000000,2,4,101.027008
2500.000000,5500.000000,2,5,101.089554
2500.000000,6500.000000,2,6,101.040657
2500.000000,7500.000000,2,7,100.777794
2500.000000,8500.000000,2,8,100.454666
2500.000000,9500.000000,2,9,100.315269
3500.000000,500.000000,3,0,98.951927
3500.000000,1500.000000,3,1,99.066154
3500.000000,2500.000000,3,2,99.340523
3500.000000,3500.000000,3,3,99.606781
3500.000000,4500.000000,3,4,99.753189
3500.000000,5500.000000,3,5,99.780640
3500.000000,6500.000000,3,6,99.776627
3500.000000,7500.000000,3,7,99.709221
3500.000000,8500.000000,3,8,99.609612
3500.000000,9500.000000,3,9,99.569252
4500.000000,500.000000,4,0,98.232506
4500.000000,1500.000000,4,1,98.277237
4500.000000,2500.000000,4,2,98.400986
4500.000000,3500.000000,4,3,98.532875
4500.000000,4500.000000,4,4,98.612457
4500.000000,5500.000000,4,5,98.640091
4500.000000,6500.000000,4,6,98.643539
4500.000000,7500.000000,4,7,98.641701
4500.000000,8500.000000,4,8,98.633644
4500.000000,9500.000000,4,9,98.630013
5500.000000,500.000000,5,0,97.391472
5500.000000,1500.000000,5,1,97.405914
5500.000000,2500.000000,5,2,97.451210
5500.000000,3500.000000,5,3,97.508629
5500.000000,4500.000000,5,4,97.552818
5500.000000,5500.000000,5,5,97.578140
5500.000000,6500.000000,5,6,97.590530
5500.000000,7500.000000,5,7,97.595894
5500.000000,8500.000000,5,8,97.597672
5500.000000,9500.000000,5,9,97.598030
6500.000000,500.000000,6,0,96.473404
6500.000000,1500.000000,6,1,96.477325
6500.000000,2500.000000,6,2,96.490837
6500.000000,3500.000000,6,3,96.511459
6500.000000,4500.000000,6,4,96.531601
6500.000000,5500.000000,6,5,96.546707
6500.000000,6500.000000,6,6,96.556290
6500.000000,7500.000000,6,7,96.561531
6500.000000,8500.000000,6,8,96.563797
6500.000000,9500.000000,6,9,96.564354
7500.000000,500.000000,7,0,95.510941
7500.000000,1500.000000,7,1,95.511810
7500.000000,2500.000000,7,2,95.514999
7500.000000,3500.000000,7,3,95.520592
7500.000000,4500.000000,7,4,95.527176
7500.000000,5500.000000,7,5,95.533073
7500.000000,6500.000000,7,6,95.537399
7500.000000,7500.000000,7,7,95.540001
7500.000000,8500.000000,7,8,95.541183
7500.000000,9500.000000,7,9,95.541489
8500.000000,500.000000,8,0,94.524712
8500.000000,1500.000000,8,1,94.524834
8500.000000,2500.000000,8,2,94.525322
8500.000000,3500.000000,8,3,94.526253
8500.000000,4500.000000,8,4,94.527481
8500.000000,5500.000000,8,5,94.528725
8500.000000,6500.000000,8,6,94.529716
8500.000000,7500.000000,8,7,94.530357
8500.000000,8500.000000,8,8,94.530655
8500.000000,9500.000000,8,9,94.530731
9500.000000,500.000000,9,0,93.527695
9500.000000,1500.000000,9,1,93.527702
9500.000000,2500.000000,9,2,93.527725
9500.000000,3500.000000,9,3,93.527779
9500.000000,4500.000000,9,4,93.527847
9500.000000,5500.000000,9,5,93.527924
9500.000000,6500.000000,9,6,93.527985
9500.000000,7500.000000,9,7,93.528030
9500.000000,8500.000000,9,8,93.528053
9500.000000,9500.000000,9,9,93.528061
10500.000000,500.000000,10,0,92.527878
10500.000000,1500.000000,10,1,92.527878
10500.000000,2500.000000,10,2,92.527878
10500.000000,3500.000000,10,3,92.527878
10500.000000,4500.000000,10,4,92.527885
10500.000000,5500.000000,10,5,92.527870
10500.000000,6500.000000,10,6,92.527885
10500.000000,7500.000000,10,7,92.527878
10500.000000,8500.000000,10,8,92.527878
10500.000000,9500.000000,10,9,92.527885
11500.000000,500.000000,11,0,91.527885
11500.000000,1500.000000,11,1,91.527878
11500.000000,2500.000000,11,2,91.527878
11500.000000,3500.000000,11,3,91.527878
11500.000000,4500.000000,11,4,91.527885
11500.000000,5500.000000,11,5,91.527878
11500.000000,6500.000000,11,6,91.527885
11500.000000,7500.000000,11,7,91.527878
11500.000000,8500.000000,11,8,91.527878
11500.000000,9500.000000,11,9,91.527885
12500.000000,500.000000,12,0,90.527885
12500.000000,1500.000000,12,1,90.527870
12500.000000,2500.000000,12,2,90.527878
12500.000000,3500.000000,12,3,90.527885
12500.000000,4500.000000,12,4,90.527878
12500.000000,5500.000000,12,5,90.527878
12500.000000,6500.000000,12,6,90.527878
12500.000000,7500.000000,12,7,90.527878
12500.000000,8500.000000,12,8,90.527878
12500.000000,9500.000000,12,9,90.527878
13500.000000,500.000000,13,0,89.527885
13500.000000,1500.000000,13,1,89.527878
13500.000000,2500.000000,13,2,89.527878
13500.000000,3500.000000,13,3,89.527885
13500.000000,4500.000000,13,4,89.527878
13500.000000,5500.000000,13,5,89.527878
13500.000000,6500.000000,13,6,89.527878
13500.000000,7500.000000,13,7,89.527878
13500.000000,8500.000000,13,8,89.527878
13500.000000,9500.000000,13,9,89.527878
14500.000000,500.000000,14,0,88.527878
14500.000000,1500.000000,14,1,88.527878
14500.000000,2500.000000,14,2,88.527878
14500.000000,3500.000000,14,3,88.527878
14500.000000,4500.000000,14,4,88.527878
14500.000000,5500.000000,14,5,88.527878
14500.000000,6500.000000,14,6,88.527878
14500.000000,7500.000000,14,7,88.527878
14500.000000,8500.000000,14,8,88.527878
14500.000000,9500.000000,14,9,88.527878
15500.000000,500.000000,15,0,87.527878
15500.000000,1500.000000,15,1,87.527878
15500.000000,2500.000000,15,2,87.527878
15500.000000,3500.000000,15,3,87.527885
15500.000000,4500.000000,15,4,87.527878
15500.000000,5500.000000,15,5,87.527878
15500.000000,6500.000000,15,6,87.527885
15500.000000,7500.000000,15,7,87.527878
15500.000000,8500.000000,15,8,87.527878
15500.000000,9500.000000,15,9,87.527878
16500.000000,500.000000,16,0,86.527885
16500.000000,1500.000000,16,1,86.527878
16500.000000,2500.000000,16,2,86.527878
16500.000000,3500.000000,16,3,86.527885
16500.000000,4500.000000,16,4,86.527878
16500.000000,5500.000000,16,5,86.527878
16500.000000,6500.000000,16,6,86.527885
16500.000000,7500.000000,16,7,86.527870
16500.000000,8500.000000,16,8,86.527885
16500.000000,9500.000000,16,9,86.527878
17500.000000,500.000000,17,0,85.527885
17500.000000,1500.000000,17,1,85.527878
17500.000000,2500.000000,17,2,85.527878
17500.000000,3500.000000,17,3,85.527885
17500.000000,4500.000000,17,4,85.527878
17500.000000,5500.000000,17,5,85.527878
17500.000000,6500.000000,17,6,85.527878
17500.000000,7500.000000,17,7,85.527878
17500.000000,8500.000000,17,8,85.527885
17500.000000,9500.000000,17,9,85.527878
18500.000000,500.000000,18,0,84.527878
18500.000000,1500.000000,18,1,84.527885
18500.000000,2500.000000,18,2,84.527878
18500.000000,3500.000000,18,3,84.527885
18500.000000,4500.000000,18,4,84.527885
18500.000000,5500.000000,18,5,84.527878
18500.000000,6500.000000,18,6,84.527878
18500.000000,7500.000000,18,7,84.527878
18500.000000,8500.000000,18,8,84.527878
18500.000000,9500.000000,18,9,84.527885
19500.000000,500.000000,19,0,83.527878
19500.000000,1500.000000,19,1,83.527878
19500.000000,2500.000000,19,2,83.527870
19500.000000,3500.000000,19,3,83.527878
19500.000000,4500.000000,19,4,83.527878
19500.000000,5500.000000,19,5,83.527885
19500.000000,6500.000000,19,6,83.527878
19500.000000,7500.000000,19,7,83.527878
19500.000000,8500.000000,19,8,83.527878
19500.000000,9500.000000,19,9,83.527878
20500.000000,500.000000,20,0,82.527885
20500.000000,1500.000000,20,1,82.527878
20500.000000,2500.000000,20,2,82.527878
20500.000000,3500.000000,20,3,82.527878
20500.000000,4500.000000,20,4,82.527885
20500.000000,5500.000000,20,5,82.527878
20500.000000,6500.000000,20,6,82.527878
20500.000000,7500.000000,20,7,82.527878
20500.000000,8500.000000,20,8,82.527878
20500.000000,9500.000000,20,9,82.527885
21500.000000,500.000000,21,0,81.527878
21500.000000,1500.000000,21,1,81.527878
21500.000000,2500.000000,21,2,81.527878
21500.000000,3500.000000,21,3,81.527878
21500.000000,4500.000000,21,4,81.527878
21500.000000,5500.000000,21,5,81.527885
21500.000000,6500.000000,21,6,81.527870
21500.000000,7500.000000,21,7,81.527878
21500.000000,8500.000000,21,8,81.527878
21500.000000,9500.000000,21,9,81.527885
22500.000000,500.000000,22,0,80.527878
22500.000000,1500.000000,22,1,80.527878
22500.000000,2500.000000,22,2,80.527878
22500.000000,3500.000000,22,3,80.527878
22500.000000,4500.000000,22,4,80.527885
22500.000000,5500.000000,22,5,80.527885
22500.000000,6500.000000,22,6,80.527878
22500.000000,7500.000000,22,7,80.527878
22500.000000,8500.000000,22,8,80.527878
22500.000000,9500.000000,22,9,80.527885
23500.000000,500.000000,23,0,79.527878
23500.000000,1500.000000,23,1,79.527878
23500.000000,2500.000000,23,2,79.527878
23500.000000,3500.000000,23,3,79.527878
23500.000000,4500.000000,23,4,79.527885
23500.000000,5500.000000,23,5,79.527885
23500.000000,6500.000000,23,6,79.527878
23500.000000,7500.000000,23,7,79.527878
23500.000000,8500.000000,23,8,79.527878
23500.000000,9500.000000,23,9,79.527885
24500.000000,500.000000,24,0,78.527878
24500.000000,1500.000000,24,1,78.527878
24500.000000,2500.000000,24,2,78.527870
24500.000000,3500.000000,24,3,78.527885
24500.000000,4500.000000,24,4,78.527878
24500.000000,5500.000000,24,5,78.527885
24500.000000,6500.000000,24,6,78.527878
24500.000000,7500.000000,24,7,78.527878
24500.000000,8500.000000,24,8,78.527878
24500.000000,9500.000000,24,9,78.527885
25500.000000,500.000000,25,0,77.527878
25500.000000,1500.000000,25,1,77.527878
25500.000000,2500.000000,25,2,77.527878
25500.000000,3500.000000,25,3,77.527878
25500.000000,4500.000000,25,4,77.527885
25500.000000,5500.000000,25,5,77.527885
25500.000000,6500.000000,25,6,77.527878
25500.000000,7500.000000,25,7,77.527878
25500.000000,8500.000000,25,8,77.527870
25500.000000,9500.000000,25,9,77.527885
26500.000000,500.000000,26,0,76.527885
26500.000000,1500.000000,26,1,76.527878
26500.000000,2500.000000,26,2,76.527878
26500.000000,3500.000000,26,3,76.527878
26500.000000,4500.000000,26,4,76.527885
26500.000000,5500.000000,26,5,76.527885
26500.000000,6500.000000,26,6,76.527885
26500.000000,7500.000000,26,7,76.527878
26500.000000,8500.000000,26,8,76.527870
26500.000000,9500.000000,26,9,76.527885
27500.000000,500.000000,27,0,75.527885
27500.000000,1500.000000,27,1,75.527870
27500.000000,2500.000000,27,2,75.527878
27500.000000,3500.000000,27,3,75.527885
27500.000000,4500.000000,27,4,75.527878
27500.000000,5500.000000,27,5,75.527885
27500.000000,6500.000000,27,6,75.527878
27500.000000,7500.000000,27,7,75.527878
27500.000000,8500.000000,27,8,75.527870
27500.000000,9500.000000,27,9,75.527885
28500.000000,500.000000,28,0,74.527878
28500.000000,1500.000000,28,1,74.527878
28500.000000,2500.000000,28,2,74.527870
28500.000000,3500.000000,28,3,74.527885
28500.000000,4500.000000,28,4,74.527878
28500.000000,5500.000000,28,5,74.527885
28500.000000,6500.000000,28,6,74.527878
28500.000000,7500.000000,28,7,74.527878
28500.000000,8500.000000,28,8,74.527863
28500.000000,9500.000000,28,9,74.527885
29500.000000,500.000000,29,0,73.527878
29500.000000,1500.000000,29,1,73.527878
29500.000000,2500.000000,29,2,73.527878
29500.000000,3500.000000,29,3,73.527885
29500.000000,4500.000000,29,4,73.527878
29500.000000,5500.000000,29,5,73.527885
29500.000000,6500.000000,29,6,73.527878
29500.000000,7500.000000,29,7,73.527885
29500.000000,8500.000000,29,8,73.527863
29500.000000,9500.000000,29,9,73.527885
30500.000000,500.000000,30,0,72.527878
30500.000000,1500.000000,30,1,72.527878
30500.000000,2500.000000,30,2,72.527878
30500.000000,3500.000000,30,3,72.527878
30500.000000,4500.000000,30,4,72.527878
30500.000000,5500.000000,30,5,72.527885
30500.000000,6500.000000,30,6,72.527870
30500.000000,7500.000000,30,7,72.527885
30500.000000,8500.000000,30,8,72.527870
30500.000000,9500.000000,30,9,72.527885
31500.000000,500.000000,31,0,71.527878
31500.000000,1500.000000,31,1,71.527878
31500.000000,2500.000000,31,2,71.527878
31500.000000,3500.000000,31,3,71.527878
31500.000000,4500.000000,31,4,71.527870
31500.000000,5500.000000,31,5,71.527893
31500.000000,6500.000000,31,6,71.527863
31500.000000,7500.000000,31,7,71.527893
31500.000000,8500.000000,31,8,71.527870
31500.000000,9500.000000,31,9,71.527885
32500.000000,500.000000,32,0,70.527878
32500.000000,1500.000000,32,1,70.527878
32500.000000,2500.000000,32,2,70.527878
32500.000000,3500.000000,32,3,70.527893
32500.000000,4500.000000,32,4,70.527870
32500.000000,5500.000000,32,5,70.527885
32500.000000,6500.000000,32,6,70.527870
32500.000000,7500.000000,32,7,70.527885
32500.000000,8500.000000,32,8,70.527870
32500.000000,9500.000000,32,9,70.527885
33500.000000,500.000000,33,0,69.527878
33500.000000,1500.000000,33,1,69.527885
33500.000000,2500.000000,33,2,69.527870
33500.000000,3500.000000,33,3,69.527885
33500.000000,4500.000000,33,4,69.527870
33500.000000,5500.000000,33,5,69.527885
33500.000000,6500.000000,33,6,69.527863
33500.000000,7500.000000,33,7,69.527893
33500.000000,8500.000000,33,8,69.527863
33500.000000,9500.000000,33,9,69.527885
34500.000000,500.000000,34,0,68.527885
34500.000000,1500.000000,34,1,68.527878
34500.000000,2500.000000,34,2,68.527870
34500.000000,3500.000000,34,3,68.527885
34500.000000,4500.000000,34,4,68.527878
34500.000000,5500.000000,34,5,68.527885
34500.000000,6500.000000,34,6,68.527863
34500.000000,7500.000000,34,7,68.527901
34500.000000,8500.000000,34,8,68.527863
34500.000000,9500.000000,34,9,68.527885
35500.000000,500.000000,35,0,67.527878
35500.000000,1500.000000,35,1,67.527870
35500.000000,2500.000000,35,2,67.527870
35500.000000,3500.000000,35,3,67.527893
35500.000000,4500.000000,35,4,67.527878
35500.000000,5500.000000,35,5,67.527885
35500.000000,6500.000000,35,6,67.527863
35500.000000,7500.000000,35,7,67.527893
35500.000000,8500.000000,35,8,67.527870
35500.000000,9500.000000,35,9,67.527885
36500.000000,500.000000,36,0,66.527885
36500.000000,1500.000000,36,1,66.527870
36500.000000,2500.000000,36,2,66.527878
36500.000000,3500.000000,36,3,66.527885
36500.000000,4500.000000,36,4,66.527878
36500.000000,5500.000000,36,5,66.527878
36500.000000,6500.000000,36,6,66.527870
36500.000000,7500.000000,36,7,66.527893
36500.000000,8500.000000,36,8,66.527863
36500.000000,9500.000000,36,9,66.527885
37500.000000,500.000000,37,0,65.527878
37500.000000,1500.000000,37,1,65.527870
37500.000000,2500.000000,37,2,65.527878
37500.000000,3500.000000,37,3,65.527878
37500.000000,4500.000000,37,4,65.527885
37500.000000,5500.000000,37,5,65.527878
37500.000000,6500.000000,37,6,65.527870
37500.000000,7500.000000,37,7,65.527885
37500.000000,8500.000000,37,8,65.527878
37500.000000,9500.000000,37,9,65.527878
38500.000000,500.000000,38,0,64.527878
38500.000000,1500.000000,38,1,64.527878
38500.000000,2500.000000,38,2,64.527878
38500.000000,3500.000000,38,3,64.527878
38500.000000,4500.000000,38,4,64.527885
38500.000000,5500.000000,38,5,64.527870
38500.000000,6500.000000,38,6,64.527878
38500.000000,7500.000000,38,7,64.527878
38500.000000,8500.000000,38,8,64.527878
38500.000000,9500.000000,38,9,64.527870
39500.000000,500.000000,39,0,63.527878
39500.000000,1500.000000,39,1,63.527878
39500.000000,2500.000000,39,2,63.527874
39500.000000,3500.000000,39,3,63.527878
39500.000000,4500.000000,39,4,63.527889
39500.000000,5500.000000,39,5,63.527866
39500.000000,6500.000000,39,6,63.527885
39500.000000,7500.000000,39,7,63.527878
39500.000000,8500.000000,39,8,63.527885
39500.000000,9500.000000,39,9,63.527874
40500.000000,500.000000,40,0,62.527878
40500.000000,1500.000000,40,1,62.527882
40500.000000,2500.000000,40,2,62.527870
40500.000000,3500.000000,40,3,62.527882
40500.000000,4500.000000,40,4,62.527889
40500.000000,5500.000000,40,5,62.527866
40500.000000,6500.000000,40,6,62.527889
40500.000000,7500.000000,40,7,62.527878
40500.000000,8500.000000,40,8,62.527885
40500.000000,9500.000000,40,9,62.527874
41500.000000,500.000000,41,0,61.527878
41500.000000,1500.000000,41,1,61.527885
41500.000000,2500.000000,41,2,61.527870
41500.000000,3500.000000,41,3,61.527882
41500.000000,4500.000000,41,4,61.527889
41500.000000,5500.000000,41,5,61.527863
41500.000000,6500.000000,41,6,61.527893
41500.000000,7500.000000,41,7,61.527874
41500.000000,8500.000000,41,8,61.527893
41500.000000,9500.000000,41,9,61.527870
42500.000000,500.000000,42,0,60.527878
42500.000000,1500.000000,42,1,60.527885
42500.000000,2500.000000,42,2,60.527866
42500.000000,3500.000000,42,3,60.527882
42500.000000,4500.000000,42,4,60.527893
42500.000000,5500.000000,42,5,60.527866
42500.000000,6500.000000,42,6,60.527889
42500.000000,7500.000000,42,7,60.527874
42500.000000,8500.000000,42,8,60.527889
42500.000000,9500.000000,42,9,60.527870
43500.000000,500.000000,43,0,59.527874
43500.000000,1500.000000,43,1,59.527889
43500.000000,2500.000000,43,2,59.527863
43500.000000,3500.000000,43,3,59.527885
43500.000000,4500.000000,43,4,59.527885
43500.000000,5500.000000,43,5,59.527870
43500.000000,6500.000000,43,6,59.527885
43500.000000,7500.000000,43,7,59.527878
43500.000000,8500.000000,43,8,59.527885
43500.000000,9500.000000,43,9,59.527874
44500.000000,500.000000,44,0,58.527870
44500.000000,1500.000000,44,1,58.527893
44500.000000,2500.000000,44,2,58.527859
44500.000000,3500.000000,44,3,58.527893
44500.000000,4500.000000,44,4,58.527885
44500.000000,5500.000000,44,5,58.527878
44500.000000,6500.000000,44,6,58.527882
44500.000000,7500.000000,44,7,58.527885
44500.000000,8500.000000,44,8,58.527878
44500.000000,9500.000000,44,9,58.527878
45500.000000,500.000000,45,0,57.527874
45500.000000,1500.000000,45,1,57.527893
45500.000000,2500.000000,45,2,57.527859
45500.000000,3500.000000,45,3,57.527893
45500.000000,4500.000000,45,4,57.527878
45500.000000,5500.000000,45,5,57.527882
45500.000000,6500.000000,45,6,57.527874
45500.000000,7500.000000,45,7,57.527889
45500.000000,8500.000000,45,8,57.527882
45500.000000,9500.000000,45,9,57.527874
46500.000000,500.000000,46,0,56.527874
46500.000000,1500.000000,46,1,56.527889
46500.000000,2500.000000,46,2,56.527859
46500.000000,3500.000000,46,3,56.527897
46500.000000,4500.000000,46,4,56.527874
46500.000000,5500.000000,46,5,56.527889
46500.000000,6500.000000,46,6,56.527874
46500.000000,7500.000000,46,7,56.527889
46500.000000,8500.000000,46,8,56.527878
46500.000000,9500.000000,46,9,56.527874
47500.000000,500.000000,47,0,55.527874
47500.000000,1500.000000,47,1,55.527889
47500.000000,2500.000000,47,2,55.527863
47500.000000,3500.000000,47,3,55.527889
47500.000000,4500.000000,47,4,55.527870
47500.000000,5500.000000,47,5,55.527885
47500.000000,6500.000000,47,6,55.527874
47500.000000,7500.000000,47,7,55.527885
47500.000000,8500.000000,47,8,55.527882
47500.000000,9500.000000,47,9,55.527878
48500.000000,500.000000,48,0,54.527878
48500.000000,1500.000000,48,1,54.527885
48500.000000,2500.000000,48,2,54.527870
48500.000000,3500.000000,48,3,54.527889
48500.000000,4500.000000,48,4,54.527874
48500.000000,5500.000000,48,5,54.527885
48500.000000,6500.000000,48,6,54.527882
48500.000000,7500.000000,48,7,54.527878
48500.000000,8500.000000,48,8,54.527885
48500.000000,9500.000000,48,9,54.527874
49500.000000,500.000000,49,0,53.527874
49500.000000,1500.000000,49,1,53.527885
49500.000000,2500.000000,49,2,53.527870
49500.000000,3500.000000,49,3,53.527885
49500.000000,4500.000000,49,4,53.527874
49500.000000,5500.000000,49,5,53.527882
49500.000000,6500.000000,49,6,53.527885
49500.000000,7500.000000,49,7,53.527878
49500.000000,8500.000000,49,8,53.527889
49500.000000,9500.000000,49,9,53.527874
50500.000000,500.000000,50,0,52.527878
50500.000000,1500.000000,50,1,52.527878
50500.000000,2500.000000,50,2,52.527874
50500.000000,3500.000000,50,3,52.527885
50500.000000,4500.000000,50,4,52.527878
50500.000000,5500.000000,50,5,52.527882
50500.000000,6500.000000,50,6,52.527885
50500.000000,7500.000000,50,7,52.527878
50500.000000,8500.000000,50,8,52.527889
50500.000000,9500.000000,50,9,52.527874
51500.000000,500.000000,51,0,51.527882
51500.000000,1500.000000,51,1,51.527874
51500.000000,2500.000000,51,2,51.527878
51500.000000,3500.000000,51,3,51.527878
51500.000000,4500.000000,51,4,51.527882
51500.000000,5500.000000,51,5,51.527878
51500.000000,6500.000000,51,6,51.527885
51500.000000,7500.000000,51,7,51.527878
51500.000000,8500.000000,51,8,51.527882
51500.000000,9500.000000,51,9,51.527878
52500.000000,500.000000,52,0,50.527882
52500.000000,1500.000000,52,1,50.527870
52500.000000,2500.000000,52,2,50.527878
52500.000000,3500.000000,52,3,50.527882
52500.000000,4500.000000,52,4,50.527885
52500.000000,5500.000000,52,5,50.527878
52500.000000,6500.000000,52,6,50.527889
52500.000000,7500.000000,52,7,50.527878
52500.000000,8500.000000,52,8,50.527882
52500.000000,9500.000000,52,9,50.527878
53500.000000,500.000000,53,0,49.527882
53500.000000,1500.000000,53,1,49.527874
53500.000000,2500.000000,53,2,49.527882
53500.000000,3500.000000,53,3,49.527878
53500.000000,4500.000000,53,4,49.527885
53500.000000,5500.000000,53,5,49.527870
53500.000000,6500.000000,53,6,49.527893
53500.000000,7500.000000,53,7,49.527878
53500.000000,8500.000000,53,8,49.527882
53500.000000,9500.000000,53,9,49.527878
54500.000000,500.000000,54,0,48.527882
54500.000000,1500.000000,54,1,48.527874
54500.000000,2500.000000,54,2,48.527878
54500.000000,3500.000000,54,3,48.527878
54500.000000,4500.000000,54,4,48.527889
54500.000000,5500.000000,54,5,48.527870
54500.000000,6500.000000,54,6,48.527889
54500.000000,7500.000000,54,7,48.527878
54500.000000,8500.000000,54,8,48.527882
54500.000000,9500.000000,54,9,48.527878
55500.000000,500.000000,55,0,47.527878
55500.000000,1500.000000,55,1,47.527878
55500.000000,2500.000000,55,2,47.527878
55500.000000,3500.000000,55,3,47.527874
55500.000000,4500.000000,55,4,47.527893
55500.000000,5500.000000,55,5,47.527870
55500.000000,6500.000000,55,6,47.527885
55500.000000,7500.000000,55,7,47.527878
55500.000000,8500.000000,55,8,47.527885
55500.000000,9500.000000,55,9,47.527878
56500.000000,500.000000,56,0,46.527878
56500.000000,1500.000000,56,1,46.527885
56500.000000,2500.000000,56,2,46.527878
56500.000000,3500.000000,56,3,46.527882
56500.000000,4500.000000,56,4,46.527885
56500.000000,5500.000000,56,5,46.527874
56500.000000,6500.000000,56,6,46.527885
56500.000000,7500.000000,56,7,46.527878
56500.000000,8500.000000,56,8,46.527885
56500.000000,9500.000000,56,9,46.527878
57500.000000,500.000000,57,0,45.527874
57500.000000,1500.000000,57,1,45.527889
57500.000000,2500.000000,57,2,45.527874
57500.000000,3500.000000,57,3,45.527882
57500.000000,4500.000000,57,4,45.527882
57500.000000,5500.000000,57,5,45.527878
57500.000000,6500.000000,57,6,45.527874
57500.000000,7500.000000,57,7,45.527889
57500.000000,8500.000000,57,8,45.527878
57500.000000,9500.000000,57,9,45.527882
58500.000000,500.000000,58,0,44.527870
58500.000000,1500.000000,58,1,44.527897
58500.000000,2500.000000,58,2,44.527866
58500.000000,3500.000000,58,3,44.527889
58500.000000,4500.000000,58,4,44.527878
58500.000000,5500.000000,58,5,44.527878
58500.000000,6500.000000,58,6,44.527870
58500.000000,7500.000000,58,7,44.527893
58500.000000,8500.000000,58,8,44.527878
58500.000000,9500.000000,58,9,44.527882
59500.000000,500.000000,59,0,43.527866
59500.000000,1500.000000,59,1,43.527908
59500.000000,2500.000000,59,2,43.527859
59500.000000,3500.000000,59,3,43.527893
59500.000000,4500.000000,59,4,43.527870
59500.000000,5500.000000,59,5,43.527885
59500.000000,6500.000000,59,6,43.527870
59500.000000,7500.000000,59,7,43.527893
59500.000000,8500.000000,59,8,43.527878
59500.000000,9500.000000,59,9,43.527882
60500.000000,500.000000,60,0,42.527866
60500.000000,1500.000000,60,1,42.527908
60500.000000,2500.000000,60,2,42.527851
60500.000000,3500.000000,60,3,42.527901
60500.000000,4500.000000,60,4,42.527863
60500.000000,5500.000000,60,5,42.527889
60500.000000,6500.000000,60,6,42.527870
60500.000000,7500.000000,60,7,42.527893
60500.000000,8500.000000,60,8,42.527866
60500.000000,9500.000000,60,9,42.527885
61500.000000,500.000000,61,0,41.527866
61500.000000,1500.000000,61,1,41.527905
61500.000000,2500.000000,61,2,41.527851
61500.000000,3500.000000,61,3,41.527908
61500.000000,4500.000000,61,4,41.527855
61500.000000,5500.000000,61,5,41.527893
61500.000000,6500.000000,61,6,41.527870
61500.000000,7500.000000,61,7,41.527893
61500.000000,8500.000000,61,8,41.527866
61500.000000,9500.000000,61,9,41.527889
62500.000000,500.000000,62,0,40.527870
62500.000000,1500.000000,62,1,40.527905
62500.000000,2500.000000,62,2,40.527851
62500.000000,3500.000000,62,3,40.527908
62500.000000,4500.000000,62,4,40.527851
62500.000000,5500.000000,62,5,40.527893
62500.000000,6500.000000,62,6,40.527874
62500.000000,7500.000000,62,7,40.527885
62500.000000,8500.000000,62,8,40.527870
62500.000000,9500.000000,62,9,40.527885
63500.000000,500.000000,63,0,39.527870
63500.000000,1500.000000,63,1,39.527893
63500.000000,2500.000000,63,2,39.527855
63500.000000,3500.000000,63,3,39.527912
63500.000000,4500.000000,63,4,39.527847
63500.000000,5500.000000,63,5,39.527893
63500.000000,6500.000000,63,6,39.527882
63500.000000,7500.000000,63,7,39.527878
63500.000000,8500.000000,63,8,39.527878
63500.000000,9500.000000,63,9,39.527882
64500.000000,500.000000,64,0,38.527878
64500.000000,1500.000000,64,1,38.527882
64500.000000,2500.000000,64,2,38.527866
64500.000000,3500.000000,64,3,38.527905
64500.000000,4500.000000,64,4,38.527847
64500.000000,5500.000000,64,5,38.527897
64500.000000,6500.000000,64,6,38.527885
64500.000000,7500.000000,64,7,38.527870
64500.000000,8500.000000,64,8,38.527882
64500.000000,9500.000000,64,9,38.527885
65500.000000,500.000000,65,0,37.527889
65500.000000,1500.000000,65,1,37.527863
65500.000000,2500.000000,65,2,37.527882
65500.000000,3500.000000,65,3,37.527893
65500.000000,4500.000000,65,4,37.527855
65500.000000,5500.000000,65,5,37.527885
65500.000000,6500.000000,65,6,37.527893
65500.000000,7500.000000,65,7,37.527863
65500.000000,8500.000000,65,8,37.527893
65500.000000,9500.000000,65,9,37.527874
66500.000000,500.000000,66,0,36.527893
66500.000000,1500.000000,66,1,36.527851
66500.000000,2500.000000,66,2,36.527901
66500.000000,3500.000000,66,3,36.527878
66500.000000,4500.000000,66,4,36.527866
66500.000000,5500.000000,66,5,36.527878
66500.000000,6500.000000,66,6,36.527905
66500.000000,7500.000000,66,7,36.527843
66500.000000,8500.000000,66,8,36.527905
66500.000000,9500.000000,66,9,36.527874
67500.000000,500.000000,67,0,35.527901
67500.000000,1500.000000,67,1,35.527836
67500.000000,2500.000000,67,2,35.527924
67500.000000,3500.000000,67,3,35.527855
67500.000000,4500.000000,67,4,35.527885
67500.000000,5500.000000,67,5,35.527870
67500.000000,6500.000000,67,6,35.527908
67500.000000,7500.000000,67,7,35.527836
67500.000000,8500.000000,67,8,35.527916
67500.000000,9500.000000,67,9,35.527866
68500.000000,500.000000,68,0,34.527905
68500.000000,1500.000000,68,1,34.527828
68500.000000,2500.000000,68,2,34.527943
68500.000000,3500.000000,68,3,34.527836
68500.000000,4500.000000,68,4,34.527908
68500.000000,5500.000000,68,5,34.527859
68500.000000,6500.000000,68,6,34.527920
68500.000000,7500.000000,68,7,34.527828
68500.000000,8500.000000,68,8,34.527927
68500.000000,9500.000000,68,9,34.527863
69500.000000,500.000000,69,0,33.527908
69500.000000,1500.000000,69,1,33.527821
69500.000000,2500.000000,69,2,33.527958
69500.000000,3500.000000,69,3,33.527813
69500.000000,4500.000000,69,4,33.527924
69500.000000,5500.000000,69,5,33.527847
69500.000000,6500.000000,69,6,33.527924
69500.000000,7500.000000,69,7,33.527821
69500.000000,8500.000000,69,8,33.527935
69500.000000,9500.000000,69,9,33.527863
70500.000000,500.000000,70,0,32.527905
70500.000000,1500.000000,70,1,32.527821
70500.000000,2500.000000,70,2,32.527966
70500.000000,3500.000000,70,3,32.527802
70500.000000,4500.000000,70,4,32.527939
70500.000000,5500.000000,70,5,32.527836
70500.000000,6500.000000,70,6,32.527931
70500.000000,7500.000000,70,7,32.527813
70500.000000,8500.000000,70,8,32.527943
70500.000000,9500.000000,70,9,32.527859
71500.000000,500.000000,71,0,31.527899
71500.000000,1500.000000,71,1,31.527822
71500.000000,2500.000000,71,2,31.527964
71500.000000,3500.000000,71,3,31.527794
71500.000000,4500.000000,71,4,31.527948
71500.000000,5500.000000,71,5,31.527830
71500.000000,6500.000000,71,6,31.527933
71500.000000,7500.000000,71,7,31.527813
71500.000000,8500.000000,71,8,31.527941
71500.000000,9500.000000,71,9,31.527859
72500.000000,500.000000,72,0,30.527897
72500.000000,1500.000000,72,1,30.527832
72500.000000,2500.000000,72,2,30.527954
72500.000000,3500.000000,72,3,30.527800
72500.000000,4500.000000,72,4,30.527950
72500.000000,5500.000000,72,5,30.527824
72500.000000,6500.000000,72,6,30.527933
72500.000000,7500.000000,72,7,30.527817
72500.000000,8500.000000,72,8,30.527937
72500.000000,9500.000000,72,9,30.527861
73500.000000,500.000000,73,0,29.527889
73500.000000,1500.000000,73,1,29.527847
73500.000000,2500.000000,73,2,29.527939
73500.000000,3500.000000,73,3,29.527813
73500.000000,4500.000000,73,4,29.527943
73500.000000,5500.000000,73,5,29.527830
73500.000000,6500.000000,73,6,29.527925
73500.000000,7500.000000,73,7,29.527828
73500.000000,8500.000000,73,8,29.527933
73500.000000,9500.000000,73,9,29.527863
74500.000000,500.000000,74,0,28.527884
74500.000000,1500.000000,74,1,28.527863
74500.000000,2500.000000,74,2,28.527918
74500.000000,3500.000000,74,3,28.527834
74500.000000,4500.000000,74,4,28.527924
74500.000000,5500.000000,74,5,28.527845
74500.000000,6500.000000,74,6,28.527912
74500.000000,7500.000000,74,7,28.527845
74500.000000,8500.000000,74,8,28.527916
74500.000000,9500.000000,74,9,28.527868
75500.000000,500.000000,75,0,27.527880
75500.000000,1500.000000,75,1,27.527880
75500.000000,2500.000000,75,2,27.527889
75500.000000,3500.000000,75,3,27.527864
75500.000000,4500.000000,75,4,27.527895
75500.000000,5500.000000,75,5,27.527868
75500.000000,6500.000000,75,6,27.527889
75500.000000,7500.000000,75,7,27.527870
75500.000000,8500.000000,75,8,27.527893
75500.000000,9500.000000,75,9,27.527876
76500.000000,500.000000,76,0,26.527876
76500.000000,1500.000000,76,1,26.527897
76500.000000,2500.000000,76,2,26.527861
76500.000000,3500.000000,76,3,26.527901
76500.000000,4500.000000,76,4,26.527859
76500.000000,5500.000000,76,5,26.527897
76500.000000,6500.000000,76,6,26.527864
76500.000000,7500.000000,76,7,26.527901
76500.000000,8500.000000,76,8,26.527866
76500.000000,9500.000000,76,9,26.527885
77500.000000,500.000000,77,0,25.527872
77500.000000,1500.000000,77,1,25.527914
77500.000000,2500.000000,77,2,25.527828
77500.000000,3500.000000,77,3,25.527943
77500.000000,4500.000000,77,4,25.527819
77500.000000,5500.000000,77,5,25.527929
77500.000000,6500.000000,77,6,25.527838
77500.000000,7500.000000,77,7,25.527933
77500.000000,8500.000000,77,8,25.527838
77500.000000,9500.000000,77,9,25.527897
78500.000000,500.000000,78,0,24.527866
78500.000000,1500.000000,78,1,24.527931
78500.000000,2500.000000,78,2,24.527794
78500.000000,3500.000000,78,3,24.527981
78500.000000,4500.000000,78,4,24.527784
78500.000000,5500.000000,78,5,24.527958
78500.000000,6500.000000,78,6,24.527811
78500.000000,7500.000000,78,7,24.527962
78500.000000,8500.000000,78,8,24.527809
78500.000000,9500.000000,78,9,24.527908
79500.000000,500.000000,79,0,23.527861
79500.000000,1500.000000,79,1,23.527948
79500.000000,2500.000000,79,2,23.527769
79500.000000,3500.000000,79,3,23.528013
79500.000000,4500.000000,79,4,23.527754
79500.000000,5500.000000,79,5,23.527979
79500.000000,6500.000000,79,6,23.527790
79500.000000,7500.000000,79,7,23.527987
79500.000000,8500.000000,79,8,23.527784
79500.000000,9500.000000,79,9,23.527920
80500.000000,500.000000,80,0,22.527859
80500.000000,1500.000000,80,1,22.527958
80500.000000,2500.000000,80,2,22.527748
80500.000000,3500.000000,80,3,22.528032
80500.000000,4500.000000,80,4,22.527742
80500.000000,5500.000000,80,5,22.527988
80500.000000,6500.000000,80,6,22.527781
80500.000000,7500.000000,80,7,22.528002
80500.000000,8500.000000,80,8,22.527767
80500.000000,9500.000000,80,9,22.527925
81500.000000,500.000000,81,0,21.527857
81500.000000,1500.000000,81,1,21.527966
81500.000000,2500.000000,81,2,21.527737
81500.000000,3500.000000,81,3,21.528040
81500.000000,4500.000000,81,4,21.527740
81500.000000,5500.000000,81,5,21.527988
81500.000000,6500.000000,81,6,21.527777
81500.000000,7500.000000,81,7,21.528008
81500.000000,8500.000000,81,8,21.527761
81500.000000,9500.000000,81,9,21.527929
82500.000000,500.000000,82,0,20.527857
82500.000000,1500.000000,82,1,20.527966
82500.000000,2500.000000,82,2,20.527740
82500.000000,3500.000000,82,3,20.528028
82500.000000,4500.000000,82,4,20.527756
82500.000000,5500.000000,82,5,20.527977
82500.000000,6500.000000,82,6,20.527786
82500.000000,7500.000000,82,7,20.527998
82500.000000,8500.000000,82,8,20.527769
82500.000000,9500.000000,82,9,20.527925
83500.000000,500.000000,83,0,19.527859
83500.000000,1500.000000,83,1,19.527958
83500.000000,2500.000000,83,2,19.527756
83500.000000,3500.000000,83,3,19.528002
83500.000000,4500.000000,83,4,19.527782
83500.000000,5500.000000,83,5,19.527954
83500.000000,6500.000000,83,6,19.527807
83500.000000,7500.000000,83,7,19.527977
83500.000000,8500.000000,83,8,19.527786
83500.000000,9500.000000,83,9,19.527918
84500.000000,500.000000,84,0,18.527863
84500.000000,1500.000000,84,1,18.527943
84500.000000,2500.000000,84,2,18.527782
84500.000000,3500.000000,84,3,18.527962
84500.000000,4500.000000,84,4,18.527821
84500.000000,5500.000000,84,5,18.527925
84500.000000,6500.000000,84,6,18.527830
84500.000000,7500.000000,84,7,18.527946
84500.000000,8500.000000,84,8,18.527813
84500.000000,9500.000000,84,9,18.527905
85500.000000,500.000000,85,0,17.527870
85500.000000,1500.000000,85,1,17.527916
85500.000000,2500.000000,85,2,17.527824
85500.000000,3500.000000,85,3,17.527912
85500.000000,4500.000000,85,4,17.527863
85500.000000,5500.000000,85,5,17.527899
85500.000000,6500.000000,85,6,17.527857
85500.000000,7500.000000,85,7,17.527914
85500.000000,8500.000000,85,8,17.527845
85500.000000,9500.000000,85,9,17.527893
86500.000000,500.000000,86,0,16.527884
86500.000000,1500.000000,86,1,16.527884
86500.000000,2500.000000,86,2,16.527878
86500.000000,3500.000000,86,3,16.527859
86500.000000,4500.000000,86,4,16.527906
86500.000000,5500.000000,86,5,16.527876
86500.000000,6500.000000,86,6,16.527882
86500.000000,7500.000000,86,7,16.527880
86500.000000,8500.000000,86,8,16.527882
86500.000000,9500.000000,86,9,16.527880
87500.000000,500.000000,87,0,15.527896
87500.000000,1500.000000,87,1,15.527848
87500.000000,2500.000000,87,2,15.527928
87500.000000,3500.000000,87,3,15.527805
87500.000000,4500.000000,87,4,15.527942
87500.000000,5500.000000,87,5,15.527859
87500.000000,6500.000000,87,6,15.527898
87500.000000,7500.000000,87,7,15.527850
87500.000000,8500.000000,87,8,15.527911
87500.000000,9500.000000,87,9,15.527867
88500.000000,500.000000,88,0,14.527907
88500.000000,1500.000000,88,1,14.527816
88500.000000,2500.000000,88,2,14.527974
88500.000000,3500.000000,88,3,14.527763
88500.000000,4500.000000,88,4,14.527966
88500.000000,5500.000000,88,5,14.527853
88500.000000,6500.000000,88,6,14.527904
88500.000000,7500.000000,88,7,14.527831
88500.000000,8500.000000,88,8,14.527935
88500.000000,9500.000000,88,9,14.527857
89500.000000,500.000000,89,0,13.527916
89500.000000,1500.000000,89,1,13.527792
89500.000000,2500.000000,89,2,13.528007
89500.000000,3500.000000,89,3,13.527738
89500.000000,4500.000000,89,4,13.527974
89500.000000,5500.000000,89,5,13.527860
89500.000000,6500.000000,89,6,13.527901
89500.000000,7500.000000,89,7,13.527819
89500.000000,8500.000000,89,8,13.527952
89500.000000,9500.000000,89,9,13.527849
90500.000000,500.000000,90,0,12.527920
90500.000000,1500.000000,90,1,12.527784
90500.000000,2500.000000,90,2,12.528018
90500.000000,3500.000000,90,3,12.527735
90500.000000,4500.000000,90,4,12.527967
90500.000000,5500.000000,90,5,12.527877
90500.000000,6500.000000,90,6,12.527891
90500.000000,7500.000000,90,7,12.527815
90500.000000,8500.000000,90,8,12.527963
90500.000000,9500.000000,90,9,12.527845
91500.000000,500.000000,91,0,11.527918
91500.000000,1500.000000,91,1,11.527799
91500.000000,2500.000000,91,2,11.528007
91500.000000,3500.000000,91,3,11.527757
91500.000000,4500.000000,91,4,11.527947
91500.000000,5500.000000,91,5,11.527903
91500.000000,6500.000000,91,6,11.527880
91500.000000,7500.000000,91,7,11.527821
91500.000000,8500.000000,91,8,11.527970
91500.000000,9500.000000,91,9,11.527845
92500.000000,500.000000,92,0,10.527915
92500.000000,1500.000000,92,1,10.527843
92500.000000,2500.000000,92,2,10.527973
92500.000000,3500.000000,92,3,10.527809
92500.000000,4500.000000,92,4,10.527924
92500.000000,5500.000000,92,5,10.527935
92500.000000,6500.000000,92,6,10.527879
92500.000000,7500.000000,92,7,10.527835
92500.000000,8500.000000,92,8,10.527982
92500.000000,9500.000000,92,9,10.527855
93500.000000,500.000000,93,0,9.527947
93500.000000,1500.000000,93,1,9.527956
93500.000000,2500.000000,93,2,9.527962
93500.000000,3500.000000,93,3,9.527926
93500.000000,4500.000000,93,4,9.527941
93500.000000,5500.000000,93,5,9.528008
93500.000000,6500.000000,93,6,9.527930
93500.000000,7500.000000,93,7,9.527891
93500.000000,8500.000000,93,8,9.528040
93500.000000,9500.000000,93,9,9.527909
94500.000000,500.000000,94,0,8.528112
94500.000000,1500.000000,94,1,8.528225
94500.000000,2500.000000,94,2,8.528068
94500.000000,3500.000000,94,3,8.528192
94500.000000,4500.000000,94,4,8.528102
94500.000000,5500.000000,94,5,8.528202
94500.000000,6500.000000,94,6,8.528133
94500.000000,7500.000000,94,7,8.528078
94500.000000,8500.000000,94,8,8.528239
94500.000000,9500.000000,94,9,8.528101
95500.000000,500.000000,95,0,7.528747
95500.000000,1500.000000,95,1,7.528977
95500.000000,2500.000000,95,2,7.528637
95500.000000,3500.000000,95,3,7.528933
95500.000000,4500.000000,95,4,7.528748
95500.000000,5500.000000,95,5,7.528852
95500.000000,6500.000000,95,6,7.528827
95500.000000,7500.000000,95,7,7.528729
95500.000000,8500.000000,95,8,7.528914
95500.000000,9500.000000,95,9,7.528766
96500.000000,500.000000,96,0,6.531010
96500.000000,1500.000000,96,1,6.531358
96500.000000,2500.000000,96,2,6.530842
96500.000000,3500.000000,96,3,6.531291
96500.000000,4500.000000,96,4,6.531037
96500.000000,5500.000000,96,5,6.531115
96500.000000,6500.000000,96,6,6.531164
96500.000000,7500.000000,96,7,6.531006
96500.000000,8500.000000,96,8,6.531219
96500.000000,9500.000000,96,9,6.531061
97500.000000,500.000000,97,0,5.538809
97500.000000,1500.000000,97,1,5.539246
97500.000000,2500.000000,97,2,5.538598
97500.000000,3500.000000,97,3,5.539155
97500.000000,4500.000000,97,4,5.538875
97500.000000,5500.000000,97,5,5.538889
97500.000000,6500.000000,97,6,5.539036
97500.000000,7500.000000,97,7,5.538810
97500.000000,8500.000000,97,8,5.539047
97500.000000,9500.000000,97,9,5.538885
98500.000000,500.000000,98,0,4.564872
98500.000000,1500.000000,98,1,4.565332
98500.000000,2500.000000,98,2,4.564653
98500.000000,3500.000000,98,3,4.565223
98500.000000,4500.000000,98,4,4.564981
98500.000000,5500.000000,98,5,4.564898
98500.000000,6500.000000,98,6,4.565151
98500.000000,7500.000000,98,7,4.564875
98500.000000,8500.000000,98,8,4.565102
98500.000000,9500.000000,98,9,4.564964
99500.000000,500.000000,99,0,2.000000
99500.000000,1500.000000,99,1,2.000000
99500.000000,2500.000000,99,2,2.000000
99500.000000,3500.000000,99,3,2.000000
99500.000000,4500.000000,99,4,2.000000
99500.000000,5500.000000,99,5,2.000000
99500.000000,6500.000000,99,6,2.000000
99500.000000,7500.000000,99,7,2.000000
99500.000000,8500.000000,99,8,2.000000
99500.000000,9500.000000,99,9,2.000000
